Classification,Common Name,Scientific Name,Population Trend,Assessment,Conservation Status,IUCN Link,Kingdom,Class
plantae — polypodiopsida,Maidenhair Fern,Adiantum capillus-veneris,Stable,Global,Least Concern,https://www.iucnredlist.org/species/164082/67770327,plantae,polypodiopsida
animalia — insecta,Lance-tipped Darner,Aeshna constricta,Stable,Global,Least Concern,https://www.iucnredlist.org/species/50959122/65394677,animalia,insecta
animalia — insecta,Lake Darner,Aeshna eremita,Stable,Global,Least Concern,https://www.iucnredlist.org/species/50959126/65836159,animalia,insecta
animalia — insecta,Variable Darner,Aeshna interrupta,Stable,Global,Least Concern,https://www.iucnredlist.org/species/50959132/65836164,animalia,insecta
animalia — insecta,Moorland Hawker,Aeshna juncea,Stable,Global,Least Concern,https://www.iucnredlist.org/species/165518/65835376,animalia,insecta
animalia — insecta,Paddle-tailed Darner,Aeshna palmata,Stable,Global,Least Concern,https://www.iucnredlist.org/species/164945/65821697,animalia,insecta
animalia — insecta,Persephone's Darner,Aeshna persephone,Stable,Global,Least Concern,https://www.iucnredlist.org/species/562/80695133,animalia,insecta
animalia — insecta,Zigzag Darner,Aeshna sitchensis,Stable,Global,Least Concern,https://www.iucnredlist.org/species/50959145/65836174,animalia,insecta
animalia — insecta,Shadow Darner,Aeshna umbrosa,Stable,Global,Least Concern,https://www.iucnredlist.org/species/165055/65828540,animalia,insecta
plantae — liliopsida,Utah Agave,Agave utahensis,Stable,Global,Least Concern,https://www.iucnredlist.org/species/115698677/116354603,plantae,liliopsida
plantae — liliopsida,Creeping Bent Grass,Agrostis stolonifera,Stable,Global,Least Concern,https://www.iucnredlist.org/species/164020/42383133,plantae,liliopsida
plantae — liliopsida,,Alisma triviale,Unknown,Global,Least Concern,https://www.iucnredlist.org/species/64263415/67728488,plantae,liliopsida
plantae — liliopsida,,Allium geyeri,Unknown,Global,Least Concern,https://www.iucnredlist.org/species/64263485/67728493,plantae,liliopsida
plantae — magnoliopsida,Grey Alder,Alnus incana,Stable,Global,Least Concern,https://www.iucnredlist.org/species/194472/2338986,plantae,magnoliopsida
plantae — liliopsida,Orange Foxtail,Alopecurus aequalis,Unknown,Global,Least Concern,https://www.iucnredlist.org/species/164156/1025862,plantae,liliopsida
plantae — liliopsida,Tufted Foxtail,Alopecurus carolinianus,Unknown,Global,Least Concern,https://www.iucnredlist.org/species/64263649/67728498,plantae,liliopsida
plantae — liliopsida,Alpine Foxtail,Alopecurus magellanicus,Unknown,Global,Least Concern,https://www.iucnredlist.org/species/58084855/58084864,plantae,liliopsida
animalia — amphibia,Western Tiger Salamander,Ambystoma mavortium,Stable,Global,Least Concern,https://www.iucnredlist.org/species/199970/196342549,animalia,amphibia
animalia — amphibia,Eastern Tiger Salamander,Ambystoma tigrinum,Stable,Global,Least Concern,https://www.iucnredlist.org/species/83293207/196342827,animalia,amphibia
plantae — magnoliopsida,,Ammannia robusta,Unknown,Global,Least Concern,https://www.iucnredlist.org/species/64263777/67728508,plantae,magnoliopsida
animalia — mammalia,White-tailed Antelope Squirrel,Ammospermophilus leucurus,Stable,Global,Least Concern,https://www.iucnredlist.org/species/42452/115189458,animalia,mammalia
animalia — gastropoda,Mud Amnicola,Amnicola limosa,Stable,Global,Least Concern,https://www.iucnredlist.org/species/69615713/69632923,animalia,gastropoda
plantae — magnoliopsida,,Amorpha californica,Stable,Global,Least Concern,https://www.iucnredlist.org/species/19892228/20005262,plantae,magnoliopsida
animalia — insecta,Western Red Damsel,Amphiagrion abbreviatum,Stable,Global,Least Concern,https://www.iucnredlist.org/species/51302894/65836659,animalia,insecta
plantae — liliopsida,Nevada bulrush,Amphiscirpus nevadensis,Unknown,Global,Least Concern,https://www.iucnredlist.org/species/64263809/67728513,plantae,liliopsida
animalia — insecta,Common Green Darner,Anax junius,Stable,Global,Least Concern,https://www.iucnredlist.org/species/165081/65831504,animalia,insecta
animalia — insecta,Giant Darner,Anax walsinghami,Stable,Global,Least Concern,https://www.iucnredlist.org/species/50959519/80684340,animalia,insecta
animalia — amphibia,Western Toad,Anaxyrus boreas,Decreasing,Global,Least Concern,https://www.iucnredlist.org/species/181488862/197445871,animalia,amphibia
animalia — amphibia,Great Plains Toad,Anaxyrus cognatus,Stable,Global,Least Concern,https://www.iucnredlist.org/species/54612/196333146,animalia,amphibia
animalia — amphibia,Arizona Toad,Anaxyrus microscaphus,Decreasing,Global,Least Concern,https://www.iucnredlist.org/species/54709/56844919,animalia,amphibia
animalia — amphibia,Baird's Spotted Toad,Anaxyrus punctatus,Stable,Global,Least Concern,https://www.iucnredlist.org/species/54739/53950671,animalia,amphibia
animalia — amphibia,Woodhouse's Toad,Anaxyrus woodhousii,Stable,Global,Least Concern,https://www.iucnredlist.org/species/54798/53951380,animalia,amphibia
animalia — bivalvia,Winged Floater,Anodonta nuttalliana,Decreasing,Global,Vulnerable,https://www.iucnredlist.org/species/91149898/114130670,animalia,bivalvia
animalia — insecta,Polyphemus Moth,Antheraea polyphemus,Unknown,Global,Least Concern,https://www.iucnredlist.org/species/173004714/173004732,animalia,insecta
animalia — mammalia,Pronghorn,Antilocapra americana,Stable,Global,Least Concern,https://www.iucnredlist.org/species/1677/115056938,animalia,mammalia
animalia — mammalia,Pallid Bat,Antrozous pallidus,Stable,Global,Least Concern,https://www.iucnredlist.org/species/1790/22129152,animalia,mammalia
animalia — reptilia,Spiny Softshell Turtle,Apalone spinifera,Stable,Global,Least Concern,https://www.iucnredlist.org/species/163451/161722123,animalia,reptilia
plantae — magnoliopsida,Wild Celery,Apium graveolens,Increasing,Global,Least Concern,https://www.iucnredlist.org/species/164203/13575099,plantae,magnoliopsida
animalia — gastropoda,Lance Aplexa,Aplexa elongata,Stable,Global,Least Concern,https://www.iucnredlist.org/species/69623954/69633063,animalia,gastropoda
animalia — amphibia,Green Frog,Aquarana clamitans,Stable,Global,Least Concern,https://www.iucnredlist.org/species/58578/193376512,animalia,amphibia
plantae — magnoliopsida,Graham's Columbine,Aquilegia grahamii,Unknown,Global,Endangered,https://www.iucnredlist.org/species/195184360/195184363,plantae,magnoliopsida
animalia — insecta,Great Spreadwing,Archilestes grandis,Increasing,Global,Least Concern,https://www.iucnredlist.org/species/49254284/65836134,animalia,insecta
animalia — insecta,,Argia alberta,Stable,Global,Least Concern,https://www.iucnredlist.org/species/165033/80688733,animalia,insecta
animalia — insecta,Blue-fronted Dancer,Argia apicalis,Stable,Global,Least Concern,https://www.iucnredlist.org/species/164989/65824309,animalia,insecta
animalia — insecta,Emma's Dancer,Argia emma,Stable,Global,Least Concern,https://www.iucnredlist.org/species/51332230/65836664,animalia,insecta
animalia — insecta,Variable Dancer,Argia fumipennis,Stable,Global,Least Concern,https://www.iucnredlist.org/species/51332246/65836669,animalia,insecta
animalia — insecta,Lavender Dancer,Argia hinei,Stable,Global,Least Concern,https://www.iucnredlist.org/species/51332278/80690064,animalia,insecta
animalia — insecta,,Argia lugens,Stable,Global,Least Concern,https://www.iucnredlist.org/species/164962/80692724,animalia,insecta
animalia — insecta,Powdered Dancer,Argia moesta,Stable,Global,Least Concern,https://www.iucnredlist.org/species/165038/65827364,animalia,insecta
animalia — insecta,Aztec Dancer,Argia nahuana,Stable,Global,Least Concern,https://www.iucnredlist.org/species/51332329/80681384,animalia,insecta
animalia — insecta,Blue-ringed Dancer,Argia sedula,Stable,Global,Least Concern,https://www.iucnredlist.org/species/51332337/65836674,animalia,insecta
animalia — insecta,Vivid Dancer,Argia vivida,Stable,Global,Least Concern,https://www.iucnredlist.org/species/51332354/65836679,animalia,insecta
animalia — insecta,Great Spangled Fritillary,Argynnis cybele,Unknown,Global,Least Concern,https://www.iucnredlist.org/species/160901/860546,animalia,insecta
plantae — liliopsida,,Aristida purpurea,Stable,Global,Least Concern,https://www.iucnredlist.org/species/44392137/44461465,plantae,liliopsida
plantae — liliopsida,Giant Reed,Arundo donax,Unknown,Global,Least Concern,https://www.iucnredlist.org/species/164340/1043245,plantae,liliopsida
plantae — magnoliopsida,Swamp Milkweed,Asclepias incarnata,Unknown,Global,Least Concern,https://www.iucnredlist.org/species/64264155/112961614,plantae,magnoliopsida
plantae — magnoliopsida,,Astragalus altus,Decreasing,Global,Endangered,https://www.iucnredlist.org/species/19892777/20008399,plantae,magnoliopsida
plantae — magnoliopsida,,Astragalus calycosus,Stable,Global,Least Concern,https://www.iucnredlist.org/species/19891964/20009751,plantae,magnoliopsida
plantae — magnoliopsida,,Astragalus castetteri,Stable,Global,Near Threatened,https://www.iucnredlist.org/species/19892208/20010100,plantae,magnoliopsida
plantae — magnoliopsida,,Astragalus cobrensis,Stable,Global,Least Concern,https://www.iucnredlist.org/species/19892240/20010462,plantae,magnoliopsida
plantae — magnoliopsida,,Astragalus coltonii,Stable,Global,Least Concern,https://www.iucnredlist.org/species/19892442/20010808,plantae,magnoliopsida
plantae — magnoliopsida,,Astragalus cottamii,Stable,Global,Least Concern,https://www.iucnredlist.org/species/19892983/20011546,plantae,magnoliopsida
plantae — magnoliopsida,,Astragalus crassicarpus,Stable,Global,Least Concern,https://www.iucnredlist.org/species/19891488/20011898,plantae,magnoliopsida
plantae — magnoliopsida,,Astragalus crotalariae,Stable,Global,Least Concern,https://www.iucnredlist.org/species/19893114/20012267,plantae,magnoliopsida
plantae — magnoliopsida,,Astragalus didymocarpus,Stable,Global,Least Concern,https://www.iucnredlist.org/species/19892382/20012561,plantae,magnoliopsida
plantae — magnoliopsida,,Astragalus ensiformis,Stable,Global,Least Concern,https://www.iucnredlist.org/species/19892581/20013070,plantae,magnoliopsida
plantae — magnoliopsida,,Astragalus flexuosus,Stable,Global,Least Concern,https://www.iucnredlist.org/species/19892709/20013454,plantae,magnoliopsida
plantae — magnoliopsida,,Astragalus geyeri,Stable,Global,Least Concern,https://www.iucnredlist.org/species/19892516/20013949,plantae,magnoliopsida
plantae — magnoliopsida,,Astragalus harrisonii,Unknown,Global,Near Threatened,https://www.iucnredlist.org/species/19892548/20014315,plantae,magnoliopsida
plantae — magnoliopsida,,Astragalus inyoensis,Stable,Global,Near Threatened,https://www.iucnredlist.org/species/19892575/20014804,plantae,magnoliopsida
plantae — magnoliopsida,,Astragalus lentiginosus,Stable,Global,Least Concern,https://www.iucnredlist.org/species/19892168/20015782,plantae,magnoliopsida
plantae — magnoliopsida,,Astragalus leucolobus,Decreasing,Global,Vulnerable,https://www.iucnredlist.org/species/19893094/20016264,plantae,magnoliopsida
plantae — magnoliopsida,,Astragalus miser,Stable,Global,Least Concern,https://www.iucnredlist.org/species/19893117/20016896,plantae,magnoliopsida
plantae — magnoliopsida,Missouri Milkvetch,Astragalus missouriensis,Increasing,Global,Least Concern,https://www.iucnredlist.org/species/153743153/153954442,plantae,magnoliopsida
plantae — magnoliopsida,,Astragalus mollissimus,Stable,Global,Least Concern,https://www.iucnredlist.org/species/19892003/20017256,plantae,magnoliopsida
plantae — magnoliopsida,,Astragalus molybdenus,Stable,Global,Least Concern,https://www.iucnredlist.org/species/19891799/20017606,plantae,magnoliopsida
plantae — magnoliopsida,,Astragalus nuttallianus,Stable,Global,Least Concern,https://www.iucnredlist.org/species/19892274/20017957,plantae,magnoliopsida
plantae — magnoliopsida,,Astragalus oophorus,Stable,Global,Least Concern,https://www.iucnredlist.org/species/19892057/20018307,plantae,magnoliopsida
plantae — magnoliopsida,,Astragalus pachypus,Stable,Global,Least Concern,https://www.iucnredlist.org/species/19892692/20018770,plantae,magnoliopsida
plantae — magnoliopsida,,Astragalus piutensis,Stable,Global,Least Concern,https://www.iucnredlist.org/species/19891567/20016771,plantae,magnoliopsida
plantae — magnoliopsida,,Astragalus pubentissimus,Stable,Global,Least Concern,https://www.iucnredlist.org/species/19892093/20019919,plantae,magnoliopsida
plantae — magnoliopsida,,Astragalus sparsiflorus,Stable,Global,Least Concern,https://www.iucnredlist.org/species/19891748/20021676,plantae,magnoliopsida
plantae — magnoliopsida,,Astragalus tener,Decreasing,Global,Endangered,https://www.iucnredlist.org/species/19892179/20022449,plantae,magnoliopsida
plantae — magnoliopsida,,Astragalus terminalis,Stable,Global,Least Concern,https://www.iucnredlist.org/species/19892607/20022879,plantae,magnoliopsida
plantae — magnoliopsida,,Astragalus whitneyi,Stable,Global,Least Concern,https://www.iucnredlist.org/species/19892715/20024012,plantae,magnoliopsida
plantae — magnoliopsida,,Bacopa rotundifolia,Unknown,Global,Least Concern,https://www.iucnredlist.org/species/64264258/67728548,plantae,magnoliopsida
plantae — magnoliopsida,,Baptisia sphaerocarpa,Stable,Global,Least Concern,https://www.iucnredlist.org/species/19892853/20025496,plantae,magnoliopsida
plantae — magnoliopsida,Herb Barbaras,Barbarea vulgaris,Stable,Global,Least Concern,https://www.iucnredlist.org/species/176585/42338497,plantae,magnoliopsida
plantae — liliopsida,,Beckmannia syzigachne,Unknown,Global,Least Concern,https://www.iucnredlist.org/species/168748/1220938,plantae,liliopsida
plantae — magnoliopsida,Dwarf Birch,Betula glandulosa,Stable,Global,Least Concern,https://www.iucnredlist.org/species/194626/2353611,plantae,magnoliopsida
plantae — magnoliopsida,Water birch,Betula occidentalis,Stable,Global,Least Concern,https://www.iucnredlist.org/species/194643/2355167,plantae,magnoliopsida
plantae — magnoliopsida,Nodding Bur-marigold,Bidens cernua,Stable,Global,Least Concern,https://www.iucnredlist.org/species/175257/42337102,plantae,magnoliopsida
plantae — magnoliopsida,,Bidens frondosa,Unknown,Global,Least Concern,https://www.iucnredlist.org/species/64264333/67728568,plantae,magnoliopsida
plantae — magnoliopsida,Trifid Bur-marigold,Bidens tripartita,Stable,Global,Least Concern,https://www.iucnredlist.org/species/168750/42337582,plantae,magnoliopsida
animalia — mammalia,American Bison,Bison bison,Stable,Global,Near Threatened,https://www.iucnredlist.org/species/2815/123789863,animalia,mammalia
plantae — magnoliopsida,,Boisduvalia glabella,Unknown,Global,Least Concern,https://www.iucnredlist.org/species/64264444/67728588,plantae,magnoliopsida
plantae — liliopsida,Sea Club-Rush,Bolboschoenus maritimus,Stable,Global,Least Concern,https://www.iucnredlist.org/species/164276/1036571,plantae,liliopsida
animalia — insecta,White Shouldered Bumble Bee,Bombus appositus,Unknown,Global,Least Concern,https://www.iucnredlist.org/species/44938356/46440331,animalia,insecta
animalia — insecta,Two Form Bumble Bee,Bombus bifarius,Stable,Global,Least Concern,https://www.iucnredlist.org/species/44937707/68999754,animalia,insecta
animalia — insecta,Ashton's Cuckoo Bumblebee,Bombus bohemicus,Decreasing,Global,Data Deficient,https://www.iucnredlist.org/species/13152926/46440141,animalia,insecta
animalia — insecta,Central Bumble Bee,Bombus centralis,Stable,Global,Least Concern,https://www.iucnredlist.org/species/44937777/69001290,animalia,insecta
animalia — insecta,Cryptic Bumblebee,Bombus cryptarum,Unknown,Global,Data Deficient,https://www.iucnredlist.org/species/13340340/46440146,animalia,insecta
animalia — insecta,Yellow Bumblebee,Bombus fervidus,Decreasing,Global,Vulnerable,https://www.iucnredlist.org/species/21215132/21215225,animalia,insecta
animalia — insecta,Fernald Cuckoo Bumble Bee,Bombus flavidus,Stable,Global,Data Deficient,https://www.iucnredlist.org/species/13340361/46440156,animalia,insecta
animalia — insecta,Yellow Head Bumble Bee,Bombus flavifrons,Stable,Global,Least Concern,https://www.iucnredlist.org/species/44937784/46440266,animalia,insecta
animalia — insecta,Brown-belted Bumblebee,Bombus griseocollis,Stable,Global,Least Concern,https://www.iucnredlist.org/species/44937645/46440221,animalia,insecta
animalia — insecta,Hunt Bumble Bee,Bombus huntii,Stable,Global,Least Concern,https://www.iucnredlist.org/species/21215139/21215245,animalia,insecta
animalia — insecta,Indiscriminate Cuckoo Bumble Bee,Bombus insularis,Stable,Global,Least Concern,https://www.iucnredlist.org/species/44937688/68984117,animalia,insecta
animalia — insecta,,Bombus kirbiellus,Unknown,Global,Data Deficient,https://www.iucnredlist.org/species/88088737/88291693,animalia,insecta
animalia — insecta,Black Tail Bumble Bee,Bombus melanopygus,Stable,Global,Least Concern,https://www.iucnredlist.org/species/44937809/68983638,animalia,insecta
animalia — insecta,Fuzzy-horned Bumble Bee,Bombus mixtus,Stable,Global,Least Concern,https://www.iucnredlist.org/species/44937898/69004061,animalia,insecta
animalia — insecta,Morrison Bumble Bee,Bombus morrisoni,Decreasing,Global,Vulnerable,https://www.iucnredlist.org/species/44937666/69004519,animalia,insecta
animalia — insecta,Nevada Bumble Bee,Bombus nevadensis,Stable,Global,Least Concern,https://www.iucnredlist.org/species/21215146/21215273,animalia,insecta
animalia — insecta,Western Bumble Bee,Bombus occidentalis,Decreasing,Global,Vulnerable,https://www.iucnredlist.org/species/44937492/46440201,animalia,insecta
animalia — insecta,American Bumblebee,Bombus pensylvanicus,Decreasing,Global,Vulnerable,https://www.iucnredlist.org/species/21215172/21215281,animalia,insecta
animalia — insecta,Red-belted Bumble Bee,Bombus rufocinctus,Stable,Global,Least Concern,https://www.iucnredlist.org/species/21215145/21215305,animalia,insecta
animalia — insecta,Sitka bumble bee,Bombus sitkensis,Stable,Global,Least Concern,https://www.iucnredlist.org/species/44937938/46440301,animalia,insecta
animalia — insecta,Suckley Cuckoo Bumble Bee,Bombus suckleyi,Decreasing,Global,Critically Endangered,https://www.iucnredlist.org/species/44937699/46440241,animalia,insecta
animalia — insecta,Forest Bumble Bee,Bombus sylvicola,Stable,Global,Least Concern,https://www.iucnredlist.org/species/44937945/46440306,animalia,insecta
animalia — insecta,Yellow-banded Bumblebee,Bombus terricola,Decreasing,Global,Vulnerable,https://www.iucnredlist.org/species/44937505/46440206,animalia,insecta
animalia — insecta,Half-black Bumblebee,Bombus vagans,Stable,Global,Least Concern,https://www.iucnredlist.org/species/44938024/46440316,animalia,insecta
animalia — mammalia,Pygmy Rabbit,Brachylagus idahoensis,Unknown,Global,Least Concern,https://www.iucnredlist.org/species/2963/45176206,animalia,mammalia
animalia — insecta,Pale-faced Clubskimmer,Brechmorhoga mendax,Stable,Global,Least Concern,https://www.iucnredlist.org/species/51272874/80694310,animalia,insecta
plantae — liliopsida,Bluejoint Reed Grass,Calamagrostis canadensis,Stable,Global,Least Concern,https://www.iucnredlist.org/species/44393334/44439796,plantae,liliopsida
plantae — magnoliopsida,Autumnal Water-starwort,Callitriche hermaphroditica,Decreasing,Global,Least Concern,https://www.iucnredlist.org/species/167828/69585026,plantae,magnoliopsida
plantae — magnoliopsida,Two-headed water-starwort,Callitriche heterophylla,Unknown,Global,Least Concern,https://www.iucnredlist.org/species/64268932/66889787,plantae,magnoliopsida
plantae — magnoliopsida,Narrow-fruited Water-starwort,Callitriche palustris,Stable,Global,Least Concern,https://www.iucnredlist.org/species/164452/69585303,plantae,magnoliopsida
plantae — magnoliopsida,Narrow-winged water-starwort,Callitriche stenoptera,Unknown,Global,Data Deficient,https://www.iucnredlist.org/species/69728164/69732469,plantae,magnoliopsida
animalia — insecta,River Jewelwing,Calopteryx aequabilis,Stable,Global,Least Concern,https://www.iucnredlist.org/species/165005/65826235,animalia,insecta
plantae — magnoliopsida,,Caltha leptosepala,Unknown,Global,Least Concern,https://www.iucnredlist.org/species/64269065/67728623,plantae,magnoliopsida
plantae — magnoliopsida,,Calystegia sepium,Unknown,Global,Least Concern,https://www.iucnredlist.org/species/19224959/78457032,plantae,magnoliopsida
plantae — magnoliopsida,Bolander's Camissonia,Camissonia bolanderi,Unknown,Global,Vulnerable,https://www.iucnredlist.org/species/200512499/200528512,plantae,magnoliopsida
plantae — magnoliopsida,,Cardamine pensylvanica,Unknown,Global,Least Concern,https://www.iucnredlist.org/species/64269656/67728648,plantae,magnoliopsida
plantae — liliopsida,Aquatic sedge,Carex aquatilis,Stable,Global,Least Concern,https://www.iucnredlist.org/species/167841/69584848,plantae,liliopsida
plantae — liliopsida,Arapaho Sedge,Carex arapahoensis,Unknown,Global,Least Concern,https://www.iucnredlist.org/species/44392588/44541190,plantae,liliopsida
plantae — liliopsida,Wheat sedge,Carex atherodes,Unknown,Global,Least Concern,https://www.iucnredlist.org/species/175266/42325250,plantae,liliopsida
plantae — liliopsida,Bebb's sedge,Carex bebbii,Unknown,Global,Least Concern,https://www.iucnredlist.org/species/64270331/67728709,plantae,liliopsida
plantae — liliopsida,,Carex brunnescens,Unknown,Global,Least Concern,https://www.iucnredlist.org/species/64270380/67728719,plantae,liliopsida
plantae — liliopsida,White Sedge,Carex canescens,Stable,Global,Least Concern,https://www.iucnredlist.org/species/175302/44422250,plantae,liliopsida
plantae — liliopsida,,Carex diandra,Unknown,Global,Least Concern,https://www.iucnredlist.org/species/19617611/19620866,plantae,liliopsida
plantae — liliopsida,Northern Bog Sedge,Carex gynocrates,Unknown,Global,Least Concern,https://www.iucnredlist.org/species/64271261/67728805,plantae,liliopsida
plantae — liliopsida,,Carex hystericina,Unknown,Global,Least Concern,https://www.iucnredlist.org/species/64271477/67728830,plantae,liliopsida
plantae — liliopsida,Inland sedge,Carex interior,Unknown,Global,Least Concern,https://www.iucnredlist.org/species/64271495/67728835,plantae,liliopsida
plantae — liliopsida,Twotipped Sedge,Carex lachenalii,Stable,Global,Least Concern,https://www.iucnredlist.org/species/44393064/44467538,plantae,liliopsida
plantae — liliopsida,Bristly-stalked sedge,Carex leptalea,Unknown,Global,Least Concern,https://www.iucnredlist.org/species/64271813/67728885,plantae,liliopsida
plantae — liliopsida,,Carex limosa,Stable,Global,Least Concern,https://www.iucnredlist.org/species/167843/42343153,plantae,liliopsida
plantae — liliopsida,Woodrush sedge,Carex luzulina,Unknown,Global,Least Concern,https://www.iucnredlist.org/species/64272076/67728910,plantae,liliopsida
plantae — liliopsida,Tall Bog-sedge,Carex magellanica,Stable,Global,Least Concern,https://www.iucnredlist.org/species/19617678/19621281,plantae,liliopsida
plantae — liliopsida,Bristle Sedge,Carex microglochin,Stable,Global,Least Concern,https://www.iucnredlist.org/species/19617691/19621251,plantae,liliopsida
plantae — liliopsida,Nebraska sedge,Carex nebrascensis,Unknown,Global,Least Concern,https://www.iucnredlist.org/species/64272375/67728945,plantae,liliopsida
plantae — liliopsida,Alpine Sedge,Carex norvegica,Stable,Global,Least Concern,https://www.iucnredlist.org/species/44392761/44468013,plantae,liliopsida
plantae — liliopsida,Small-fruited Yellow-sedge,Carex oederi,Unknown,Global,Least Concern,https://www.iucnredlist.org/species/64272624/67728960,plantae,liliopsida
plantae — liliopsida,Parry's Sedge,Carex parryana,Stable,Global,Least Concern,https://www.iucnredlist.org/species/44392280/44466959,plantae,liliopsida
plantae — liliopsida,Woolly sedge,Carex pellita,Unknown,Global,Least Concern,https://www.iucnredlist.org/species/64273037/67728980,plantae,liliopsida
plantae — liliopsida,Knot-sheath sedge,Carex retrorsa,Unknown,Global,Least Concern,https://www.iucnredlist.org/species/64273084/67729010,plantae,liliopsida
plantae — liliopsida,Ross' Sedge,Carex rossii,Stable,Global,Least Concern,https://www.iucnredlist.org/species/44392936/44466658,plantae,liliopsida
plantae — liliopsida,Sartwell's sedge,Carex sartwellii,Unknown,Global,Least Concern,https://www.iucnredlist.org/species/64273119/67729020,plantae,liliopsida
plantae — liliopsida,Russet Sedge,Carex saxatilis,Unknown,Global,Least Concern,https://www.iucnredlist.org/species/64273122/67729025,plantae,liliopsida
plantae — liliopsida,Analogue sedge,Carex simulata,Unknown,Global,Least Concern,https://www.iucnredlist.org/species/64273165/67729045,plantae,liliopsida
plantae — liliopsida,Awl-fruited sedge,Carex stipata,Unknown,Global,Least Concern,https://www.iucnredlist.org/species/64273177/67729055,plantae,liliopsida
plantae — liliopsida,Beaked Sedge,Carex utriculata,Unknown,Global,Least Concern,https://www.iucnredlist.org/species/64273589/67729105,plantae,liliopsida
plantae — liliopsida,,Carex vesicaria,Stable,Global,Least Concern,https://www.iucnredlist.org/species/167846/42370710,plantae,liliopsida
plantae — magnoliopsida,,Castilleja minor,Unknown,Global,Least Concern,https://www.iucnredlist.org/species/64310257/67729120,plantae,magnoliopsida
plantae — magnoliopsida,,Catalpa speciosa,Stable,Global,Least Concern,https://www.iucnredlist.org/species/61985370/61985373,plantae,magnoliopsida
animalia — insecta,Calico Pennant,Celithemis elisa,Stable,Global,Least Concern,https://www.iucnredlist.org/species/164975/65822556,animalia,insecta
plantae — magnoliopsida,Common Hackberry,Celtis occidentalis,Stable,Global,Least Concern,https://www.iucnredlist.org/species/61987996/61987998,plantae,magnoliopsida
plantae — magnoliopsida,,Cerastium arvense,Unknown,Global,Least Concern,https://www.iucnredlist.org/species/64310278/67729130,plantae,magnoliopsida
plantae — magnoliopsida,Rigid Hornwort,Ceratophyllum demersum,Stable,Global,Least Concern,https://www.iucnredlist.org/species/164459/120143653,plantae,magnoliopsida
plantae — magnoliopsida,,Cercis orbiculata,Unknown,Global,Data Deficient,https://www.iucnredlist.org/species/153824155/153835082,plantae,magnoliopsida
animalia — insecta,Common Wood-nymph,Cercyonis pegala,Stable,Global,Least Concern,https://www.iucnredlist.org/species/125855753/125886118,animalia,insecta
animalia — mammalia,Long-tailed Pocket Mouse,Chaetodipus formosus,Stable,Global,Least Concern,https://www.iucnredlist.org/species/4331/22226290,animalia,mammalia
animalia — mammalia,Rock Pocket Mouse,Chaetodipus intermedius,Stable,Global,Least Concern,https://www.iucnredlist.org/species/4334/115068570,animalia,mammalia
animalia — mammalia,Desert Pocket Mouse,Chaetodipus penicillatus,Stable,Global,Least Concern,https://www.iucnredlist.org/species/4336/115068852,animalia,mammalia
plantae — magnoliopsida,Partridge-pea,Chamaecrista nictitans,Stable,Global,Least Concern,https://www.iucnredlist.org/species/19893070/20040380,plantae,magnoliopsida
animalia — reptilia,Northern Rubber Boa,Charina bottae,Stable,Global,Least Concern,https://www.iucnredlist.org/species/91863316/18978274,animalia,reptilia
animalia — reptilia,Snapping Turtle,Chelydra serpentina,Decreasing,Global,Least Concern,https://www.iucnredlist.org/species/163424/251347989,animalia,reptilia
plantae — magnoliopsida,,Chenopodium rubrum,Unknown,Global,Least Concern,https://www.iucnredlist.org/species/64310645/67729145,plantae,magnoliopsida
animalia — reptilia,Painted Turtle,Chrysemys picta,Stable,Global,Least Concern,https://www.iucnredlist.org/species/163467/97410447,animalia,reptilia
animalia — insecta,Coral Pink Sand Dunes Tiger Beetle,Cicindela albissima,Stable,Global,Critically Endangered,https://www.iucnredlist.org/species/64174124/64176982,animalia,insecta
plantae — magnoliopsida,,Cicuta maculata,Unknown,Global,Least Concern,https://www.iucnredlist.org/species/64310721/67729176,plantae,magnoliopsida
plantae — liliopsida,Great Fen-Sedge,Cladium mariscus,Stable,Global,Least Concern,https://www.iucnredlist.org/species/164157/65910896,plantae,liliopsida
plantae — magnoliopsida,,Claytonia cordifolia,Unknown,Global,Least Concern,https://www.iucnredlist.org/species/80603495/80958547,plantae,magnoliopsida
animalia — mammalia,Southern Red-backed Vole,Clethrionomys gapperi,Stable,Global,Least Concern,https://www.iucnredlist.org/species/42617/115195411,animalia,mammalia
animalia — insecta,Taiga Bluet,Coenagrion resolutum,Stable,Global,Least Concern,https://www.iucnredlist.org/species/164966/65822055,animalia,insecta
animalia — insecta,Orange Sulfur,Colias eurytheme,Increasing,Global,Least Concern,https://www.iucnredlist.org/species/125855825/125886133,animalia,insecta
animalia — gastropoda,Rocky mountain duskysnail,Colligyrus greggi,Unknown,Global,Least Concern,https://www.iucnredlist.org/species/189776/1937485,animalia,gastropoda
plantae — magnoliopsida,Marsh Cinquefoil,Comarum palustre,Unknown,Global,Least Concern,https://www.iucnredlist.org/species/64310797/67729186,plantae,magnoliopsida
animalia — insecta,Cristate Grasshopper,Conozoa texana,Unknown,Global,Least Concern,https://www.iucnredlist.org/species/107981315/107981357,animalia,insecta
animalia — insecta,Apache Spiketail,Cordulegaster diadema,Stable,Global,Least Concern,https://www.iucnredlist.org/species/164951/80682387,animalia,insecta
animalia — insecta,Pacific Spiketail,Cordulegaster dorsalis,Stable,Global,Least Concern,https://www.iucnredlist.org/species/50968962/65836214,animalia,insecta
animalia — insecta,American Emerald,Cordulia shurtleffii,Stable,Global,Least Concern,https://www.iucnredlist.org/species/50969369/65836229,animalia,insecta
plantae — magnoliopsida,,Cornus sericea,Increasing,Global,Least Concern,https://www.iucnredlist.org/species/64310848/67729196,plantae,magnoliopsida
plantae — magnoliopsida,Sand Cholla,Corynopuntia pulchella,Stable,Global,Least Concern,https://www.iucnredlist.org/species/152015/121454316,plantae,magnoliopsida
plantae — magnoliopsida,,Crotalaria pumila,Stable,Global,Least Concern,https://www.iucnredlist.org/species/19891771/20049942,plantae,magnoliopsida
plantae — magnoliopsida,Buffalo gourd,Cucurbita foetidissima,Stable,Global,Least Concern,https://www.iucnredlist.org/species/20742647/20755876,plantae,magnoliopsida
plantae — magnoliopsida,Coyote-melon,Cucurbita palmata,Decreasing,Global,Data Deficient,https://www.iucnredlist.org/species/109928737/109928807,plantae,magnoliopsida
plantae — magnoliopsida,Warner's Dodder,Cuscuta warneri,Unknown,Global,Data Deficient,https://www.iucnredlist.org/species/153754449/153954522,plantae,magnoliopsida
plantae — magnoliopsida,,Cylindropuntia acanthocarpa,Stable,Global,Least Concern,https://www.iucnredlist.org/species/152855/121491804,plantae,magnoliopsida
plantae — magnoliopsida,,Cylindropuntia echinocarpa,Stable,Global,Least Concern,https://www.iucnredlist.org/species/152740/121486897,plantae,magnoliopsida
plantae — magnoliopsida,,Cylindropuntia whipplei,Stable,Global,Least Concern,https://www.iucnredlist.org/species/152721/121485736,plantae,magnoliopsida
plantae — liliopsida,,Cynodon transvaalensis,Stable,Global,Least Concern,https://www.iucnredlist.org/species/44393469/44443711,plantae,liliopsida
animalia — mammalia,,Cynomys gunnisoni,Decreasing,Global,Least Concern,https://www.iucnredlist.org/species/42453/115189620,animalia,mammalia
animalia — mammalia,,Cynomys leucurus,Decreasing,Global,Least Concern,https://www.iucnredlist.org/species/42454/22261371,animalia,mammalia
animalia — mammalia,Utah Prairie Dog,Cynomys parvidens,Decreasing,Global,Endangered,https://www.iucnredlist.org/species/6090/22260975,animalia,mammalia
plantae — liliopsida,Red-root flatsedge,Cyperus erythrorhizos,Unknown,Global,Least Concern,https://www.iucnredlist.org/species/64310893/67729221,plantae,liliopsida
plantae — liliopsida,Strawcolored Flatsedge,Cyperus strigosus,Unknown,Global,Least Concern,https://www.iucnredlist.org/species/64310948/67729226,plantae,liliopsida
plantae — liliopsida,Clustered Lady's-slipper,Cypripedium fasciculatum,Decreasing,Global,Vulnerable,https://www.iucnredlist.org/species/43315656/43327649,plantae,liliopsida
plantae — liliopsida,American Yellow Lady's-slipper,Cypripedium parviflorum,Decreasing,Global,Least Concern,https://www.iucnredlist.org/species/43316816/43327704,plantae,liliopsida
plantae — magnoliopsida,,Dalea compacta,Stable,Global,Least Concern,https://www.iucnredlist.org/species/19892761/20058229,plantae,magnoliopsida
plantae — magnoliopsida,,Dalea formosa,Stable,Global,Least Concern,https://www.iucnredlist.org/species/19893131/20058877,plantae,magnoliopsida
plantae — magnoliopsida,,Dalea lasiathera,Stable,Global,Least Concern,https://www.iucnredlist.org/species/19892999/20059231,plantae,magnoliopsida
plantae — magnoliopsida,,Dalea obovata,Stable,Global,Least Concern,https://www.iucnredlist.org/species/19892391/20050344,plantae,magnoliopsida
plantae — magnoliopsida,,Dalea ornata,Stable,Global,Least Concern,https://www.iucnredlist.org/species/19892189/20050817,plantae,magnoliopsida
animalia — gastropoda,,Deroceras invadens,Increasing,"Global, Europe",Least Concern,https://www.iucnredlist.org/species/83478691/83478783,animalia,gastropoda
plantae — magnoliopsida,,Desmodium glutinosum,Stable,Global,Least Concern,https://www.iucnredlist.org/species/19892387/20062869,plantae,magnoliopsida
plantae — magnoliopsida,,Desmodium grahamii,Stable,Global,Least Concern,https://www.iucnredlist.org/species/19892074/20063284,plantae,magnoliopsida
plantae — magnoliopsida,,Desmodium intortum,Stable,Global,Least Concern,https://www.iucnredlist.org/species/19891529/20063797,plantae,magnoliopsida
plantae — magnoliopsida,,Desmodium lindheimeri,Stable,Global,Least Concern,https://www.iucnredlist.org/species/19892479/20064340,plantae,magnoliopsida
plantae — magnoliopsida,,Desmodium nuttallii,Stable,Global,Least Concern,https://www.iucnredlist.org/species/19891814/20065589,plantae,magnoliopsida
animalia — mammalia,,Dipodomys deserti,Stable,Global,Least Concern,https://www.iucnredlist.org/species/6686/22228301,animalia,mammalia
animalia — mammalia,Merriam's Kangaroo Rat,Dipodomys merriami,Stable,Global,Least Concern,https://www.iucnredlist.org/species/92465716/115515430,animalia,mammalia
animalia — mammalia,,Dipodomys microps,Stable,Global,Least Concern,https://www.iucnredlist.org/species/42603/22227645,animalia,mammalia
animalia — mammalia,Ord's Kangaroo Rat,Dipodomys ordii,Stable,Global,Least Concern,https://www.iucnredlist.org/species/6691/115083268,animalia,mammalia
animalia — reptilia,Common Desert Iguana,Dipsosaurus dorsalis,Unknown,Global,Least Concern,https://www.iucnredlist.org/species/194975/2370621,animalia,reptilia
plantae — liliopsida,,Distichlis spicata,Unknown,Global,Least Concern,https://www.iucnredlist.org/species/64311188/67729236,plantae,liliopsida
plantae — magnoliopsida,,Downingia laeta,Unknown,Global,Least Concern,https://www.iucnredlist.org/species/64311205/67729251,plantae,magnoliopsida
animalia — bivalvia,Quagga Mussel,Dreissena bugensis,Stable,"Global, Europe",Least Concern,https://www.iucnredlist.org/species/188911/215464992,animalia,bivalvia
animalia — amphibia,Canyon Treefrog,Dryophytes arenicolor,Stable,Global,Least Concern,https://www.iucnredlist.org/species/55396/53952785,animalia,amphibia
plantae — magnoliopsida,Purple Coneflower,Echinacea purpurea,Unknown,Global,Least Concern,https://www.iucnredlist.org/species/88323256/88323259,plantae,magnoliopsida
plantae — magnoliopsida,Triangle Cactus,Echinocactus polycephalus,Stable,Global,Least Concern,https://www.iucnredlist.org/species/152221/121463477,plantae,magnoliopsida
plantae — magnoliopsida,Mound Hedgehog Cactus,Echinocereus triglochidiatus,Stable,Global,Least Concern,https://www.iucnredlist.org/species/152410/121473829,plantae,magnoliopsida
plantae — liliopsida,Barnyard Grass,Echinochloa crus-galli,Increasing,Global,Least Concern,https://www.iucnredlist.org/species/169069/145082692,plantae,liliopsida
plantae — magnoliopsida,,Elaeagnus commutata,Unknown,Global,Least Concern,https://www.iucnredlist.org/species/64311251/67729266,plantae,magnoliopsida
plantae — magnoliopsida,Mudwort,Elatine triandra,Unknown,Global,Least Concern,https://www.iucnredlist.org/species/167856/1178323,plantae,magnoliopsida
plantae — liliopsida,,Eleocharis acicularis,Unknown,Global,Least Concern,https://www.iucnredlist.org/species/164247/1034194,plantae,liliopsida
plantae — liliopsida,Bald spikerush,Eleocharis erythropoda,Unknown,Global,Least Concern,https://www.iucnredlist.org/species/64311292/67729331,plantae,liliopsida
plantae — liliopsida,,Eleocharis flavescens,Stable,Global,Least Concern,https://www.iucnredlist.org/species/44392324/44468279,plantae,liliopsida
plantae — liliopsida,Creeping spikerush,Eleocharis macrostachya,Unknown,Global,Least Concern,https://www.iucnredlist.org/species/64311298/66891680,plantae,liliopsida
plantae — liliopsida,Common Spike-rush,Eleocharis palustris,Unknown,Global,Least Concern,https://www.iucnredlist.org/species/163990/1017558,plantae,liliopsida
plantae — liliopsida,Beaked spikerush,Eleocharis rostellata,Unknown,Global,Least Concern,https://www.iucnredlist.org/species/64311314/67729361,plantae,liliopsida
plantae — liliopsida,Suksdorf's spikerush,Eleocharis suksdorfiana,Unknown,Global,Least Concern,https://www.iucnredlist.org/species/64311317/67729366,plantae,liliopsida
plantae — liliopsida,Slender Spike-rush,Eleocharis uniglumis,Unknown,Global,Least Concern,https://www.iucnredlist.org/species/164239/13548404,plantae,liliopsida
animalia — insecta,,Ellychnia alexanderi,Unknown,Global,Data Deficient,https://www.iucnredlist.org/species/164015219/166771323,animalia,insecta
plantae — liliopsida,,Elodea bifoliata,Unknown,Global,Least Concern,https://www.iucnredlist.org/species/64311327/67729381,plantae,liliopsida
plantae — liliopsida,,Elodea canadensis,Unknown,Global,Least Concern,https://www.iucnredlist.org/species/13506646/13506651,plantae,liliopsida
animalia — insecta,River Bluet,Enallagma anna,Stable,Global,Least Concern,https://www.iucnredlist.org/species/51342071/65836699,animalia,insecta
animalia — insecta,Northern Bluet,Enallagma annexum,Stable,Global,Least Concern,https://www.iucnredlist.org/species/51342193/65836704,animalia,insecta
animalia — insecta,Boreal Bluet,Enallagma boreale,Stable,Global,Least Concern,https://www.iucnredlist.org/species/51355269/65836724,animalia,insecta
animalia — insecta,Tule Bluet,Enallagma carunculatum,Stable,Global,Least Concern,https://www.iucnredlist.org/species/165079/65831144,animalia,insecta
animalia — insecta,Familiar Bluet,Enallagma civile,Stable,Global,Least Concern,https://www.iucnredlist.org/species/49254379/65836139,animalia,insecta
animalia — insecta,Alkali Bluet,Enallagma clausum,Stable,Global,Least Concern,https://www.iucnredlist.org/species/51355757/65836729,animalia,insecta
animalia — insecta,Marsh Bluet,Enallagma ebrium,Stable,Global,Least Concern,https://www.iucnredlist.org/species/165063/65829334,animalia,insecta
animalia — insecta,Arroyo Bluet,Enallagma praevarum,Stable,Global,Least Concern,https://www.iucnredlist.org/species/51357444/80690054,animalia,insecta
plantae — gnetopsida,,Ephedra aspera,Stable,Global,Least Concern,https://www.iucnredlist.org/species/201685/9164657,plantae,gnetopsida
plantae — gnetopsida,,Ephedra cutleri,Stable,Global,Least Concern,https://www.iucnredlist.org/species/201675/9162063,plantae,gnetopsida
plantae — gnetopsida,,Ephedra fasciculata,Stable,Global,Least Concern,https://www.iucnredlist.org/species/201694/9166943,plantae,gnetopsida
plantae — gnetopsida,,Ephedra torreyana,Stable,Global,Least Concern,https://www.iucnredlist.org/species/201677/9162483,plantae,gnetopsida
plantae — gnetopsida,,Ephedra viridis,Stable,Global,Least Concern,https://www.iucnredlist.org/species/201705/9169780,plantae,gnetopsida
plantae — magnoliopsida,,Epilobium ciliatum,Unknown,Global,Least Concern,https://www.iucnredlist.org/species/64311338/121902124,plantae,magnoliopsida
plantae — magnoliopsida,,Epilobium leptophyllum,Unknown,Global,Least Concern,https://www.iucnredlist.org/species/64311347/67729411,plantae,magnoliopsida
plantae — magnoliopsida,Marsh Willowherb,Epilobium palustre,Unknown,Global,Least Concern,https://www.iucnredlist.org/species/168737/1219085,plantae,magnoliopsida
plantae — liliopsida,,Epipactis gigantea,Unknown,Global,Least Concern,https://www.iucnredlist.org/species/64311354/67729421,plantae,liliopsida
plantae — polypodiopsida,Field Horsetail,Equisetum arvense,Unknown,Global,Least Concern,https://www.iucnredlist.org/species/167857/161580271,plantae,polypodiopsida
plantae — polypodiopsida,Rough Horsetail,Equisetum hyemale,Increasing,Global,Least Concern,https://www.iucnredlist.org/species/203003/42381564,plantae,polypodiopsida
plantae — liliopsida,,Eragrostis hypnoides,Unknown,Global,Least Concern,https://www.iucnredlist.org/species/64311363/67729431,plantae,liliopsida
plantae — magnoliopsida,,Erigeron lonchophyllus,Unknown,Global,Least Concern,https://www.iucnredlist.org/species/64311370/67729441,plantae,magnoliopsida
plantae — liliopsida,Chamisso's Cottongrass,Eriophorum chamissonis,Unknown,Global,Least Concern,https://www.iucnredlist.org/species/64311483/67729456,plantae,liliopsida
animalia — insecta,White-belted Ringtail,Erpetogomphus compositus,Stable,Global,Least Concern,https://www.iucnredlist.org/species/51178670/80680347,animalia,insecta
animalia — insecta,Western Pondhawk,Erythemis collocata,Stable,Global,Least Concern,https://www.iucnredlist.org/species/51273218/65836509,animalia,insecta
animalia — insecta,Eastern Pondhawk,Erythemis simplicicollis,Increasing,Global,Least Concern,https://www.iucnredlist.org/species/165090/65832674,animalia,insecta
plantae — magnoliopsida,,Erythrostemon phyllanthoides,Decreasing,Global,Endangered,https://www.iucnredlist.org/species/19893082/20031740,plantae,magnoliopsida
plantae — magnoliopsida,Missouri Foxtail Cactus,Escobaria missouriensis,Stable,Global,Least Concern,https://www.iucnredlist.org/species/151844/121510797,plantae,magnoliopsida
plantae — magnoliopsida,Pincushion Cactus,Escobaria vivipara,Stable,Global,Least Concern,https://www.iucnredlist.org/species/152233/121527679,plantae,magnoliopsida
animalia — actinopterygii,Northern Pike,Esox lucius,Decreasing,Global,Least Concern,https://www.iucnredlist.org/species/135631/58312794,animalia,actinopterygii
plantae — magnoliopsida,,Eucephalus engelmannii,Unknown,Global,Least Concern,https://www.iucnredlist.org/species/64311529/67729476,plantae,magnoliopsida
animalia — bivalvia,Ridgedbeak Peaclam,Euglesa compressa,Stable,Global,Least Concern,https://www.iucnredlist.org/species/66639293/66639530,animalia,bivalvia
animalia — bivalvia,Lilljeborg's Pea Mussel,Euglesa lilljeborgii,Stable,Global,Least Concern,https://www.iucnredlist.org/species/155532/58616166,animalia,bivalvia
animalia — bivalvia,Rosy Pea Mussel,Euglesa milium,Unknown,Global,Least Concern,https://www.iucnredlist.org/species/155923/42451946,animalia,bivalvia
animalia — bivalvia,Shining Pea Mussel,Euglesa nitida,Stable,Global,Least Concern,https://www.iucnredlist.org/species/155659/58616181,animalia,bivalvia
animalia — bivalvia,Porous Pea Mussel,Euglesa obtusalis,Unknown,Global,Least Concern,https://www.iucnredlist.org/species/156122/4904565,animalia,bivalvia
animalia — bivalvia,Short-ended Pea Mussel,Euglesa subtruncata,Unknown,Global,Least Concern,https://www.iucnredlist.org/species/155908/42454034,animalia,bivalvia
plantae — magnoliopsida,,Eupatorium maculatum,Unknown,Global,Least Concern,https://www.iucnredlist.org/species/64311534/67729481,plantae,magnoliopsida
plantae — magnoliopsida,,Euphorbia heterophylla,Stable,Global,Least Concern,https://www.iucnredlist.org/species/126519432/192136545,plantae,magnoliopsida
animalia — insecta,Anicia Checkerspot,Euphydryas anicia,Stable,Global,Least Concern,https://www.iucnredlist.org/species/209895813/210975081,animalia,insecta
plantae — magnoliopsida,California Barrel Cactus,Ferocactus cylindraceus,Stable,Global,Least Concern,https://www.iucnredlist.org/species/152556/121539513,plantae,magnoliopsida
plantae — liliopsida,Ditch Fimbry,Fimbristylis schoenoides,Stable,Global,Least Concern,https://www.iucnredlist.org/species/177155/7378813,plantae,liliopsida
plantae — magnoliopsida,,Fraxinus anomala,Unknown,Global,Least Concern,https://www.iucnredlist.org/species/96443671/96443673,plantae,magnoliopsida
plantae — magnoliopsida,,Fraxinus dipetala,Unknown,Global,Least Concern,https://www.iucnredlist.org/species/96443856/96443862,plantae,magnoliopsida
plantae — magnoliopsida,Green Ash,Fraxinus pennsylvanica,Decreasing,Global,Critically Endangered,https://www.iucnredlist.org/species/61918934/61919002,plantae,magnoliopsida
plantae — magnoliopsida,,Fraxinus velutina,Unknown,Global,Least Concern,https://www.iucnredlist.org/species/96444728/96444730,plantae,magnoliopsida
plantae — liliopsida,,Galanthus nivalis,Decreasing,"Global, Europe",Near Threatened,https://www.iucnredlist.org/species/162168/5551773,plantae,liliopsida
animalia — gastropoda,Prairie Fossaria,Galba bulimoides,Stable,Global,Least Concern,https://www.iucnredlist.org/species/189207/8701742,animalia,gastropoda
animalia — gastropoda,Rock Fossaria,Galba modicella,Stable,Global,Least Concern,https://www.iucnredlist.org/species/69620662/69632993,animalia,gastropoda
animalia — gastropoda,Golden Fossaria,Galba obrussa,Stable,Global,Least Concern,https://www.iucnredlist.org/species/69620696/69632998,animalia,gastropoda
animalia — gastropoda,Pygmy Fossaria,Galba parva,Stable,Global,Least Concern,https://www.iucnredlist.org/species/69620727/69633003,animalia,gastropoda
animalia — gastropoda,,Galba rustica,Unknown,Global,Least Concern,https://www.iucnredlist.org/species/69620757/69633008,animalia,gastropoda
animalia — gastropoda,,Galba techella,Unknown,Global,Least Concern,https://www.iucnredlist.org/species/69620782/69633013,animalia,gastropoda
animalia — actinopterygii,Western Mosquitofish,Gambusia affinis,Stable,Global,Least Concern,https://www.iucnredlist.org/species/166562/58317114,animalia,actinopterygii
plantae — magnoliopsida,,Garrya flavescens,Stable,Global,Least Concern,https://www.iucnredlist.org/species/126603572/126604169,plantae,magnoliopsida
animalia — actinopterygii,Roundtail Chub,Gila robusta,Decreasing,Global,Vulnerable,https://www.iucnredlist.org/species/62201/129987081,animalia,actinopterygii
animalia — mammalia,,Glaucomys sabrinus,Stable,Global,Least Concern,https://www.iucnredlist.org/species/39553/22256914,animalia,mammalia
plantae — magnoliopsida,Honeylocust,Gleditsia triacanthos,Stable,Global,Least Concern,https://www.iucnredlist.org/species/62026061/62026063,plantae,magnoliopsida
plantae — liliopsida,,Glyceria borealis,Unknown,Global,Least Concern,https://www.iucnredlist.org/species/64314079/67729606,plantae,liliopsida
plantae — liliopsida,,Glyceria grandis,Unknown,Global,Least Concern,https://www.iucnredlist.org/species/64314086/67729616,plantae,liliopsida
plantae — magnoliopsida,,Glycyrrhiza lepidota,Unknown,Global,Least Concern,https://www.iucnredlist.org/species/64314157/67729646,plantae,magnoliopsida
plantae — magnoliopsida,,Gnaphalium palustre,Unknown,Global,Least Concern,https://www.iucnredlist.org/species/64314162/67729651,plantae,magnoliopsida
animalia — insecta,Plains Clubtail,Gomphurus externus,Stable,Global,Least Concern,https://www.iucnredlist.org/species/51178920/125489263,animalia,insecta
animalia — reptilia,Mojave Desert Tortoise,Gopherus agassizii,Decreasing,Global,Critically Endangered,https://www.iucnredlist.org/species/97246272/3150871,animalia,reptilia
plantae — magnoliopsida,,Gratiola neglecta,Unknown,Global,Least Concern,https://www.iucnredlist.org/species/64314174/67729666,plantae,magnoliopsida
animalia — gastropoda,Disk Gyro,Gyraulus circumstriatus,Stable,Global,Least Concern,https://www.iucnredlist.org/species/189394/1924799,animalia,gastropoda
plantae — magnoliopsida,Sunflower,Helianthus annuus,Stable,Global,Least Concern,https://www.iucnredlist.org/species/19073408/47600755,plantae,magnoliopsida
plantae — magnoliopsida,Anomalus Sunflower,Helianthus anomalus,Decreasing,Global,Vulnerable,https://www.iucnredlist.org/species/20694238/20695256,plantae,magnoliopsida
plantae — magnoliopsida,Desert Sunflower,Helianthus deserticola,Unknown,Global,Data Deficient,https://www.iucnredlist.org/species/20694284/20695291,plantae,magnoliopsida
plantae — magnoliopsida,Maximilian's Sunflower,Helianthus maximiliani,Stable,Global,Least Concern,https://www.iucnredlist.org/species/20694305/20695316,plantae,magnoliopsida
plantae — magnoliopsida,Nuttall's Sunflower,Helianthus nuttallii,Stable,Global,Least Concern,https://www.iucnredlist.org/species/20694327/20695331,plantae,magnoliopsida
plantae — magnoliopsida,Deceptive Sunflower,Helianthus petiolaris,Stable,Global,Least Concern,https://www.iucnredlist.org/species/20694339/20695346,plantae,magnoliopsida
plantae — magnoliopsida,Jerusalem-artichoke,Helianthus tuberosus,Stable,Global,Least Concern,https://www.iucnredlist.org/species/20694364/20695376,plantae,magnoliopsida
plantae — liliopsida,,Helictotrichon canescens,Stable,Global,Least Concern,https://www.iucnredlist.org/species/44392205/44445105,plantae,liliopsida
animalia — insecta,American Rubyspot,Hetaerina americana,Stable,Global,Least Concern,https://www.iucnredlist.org/species/51293948/65836649,animalia,insecta
animalia — insecta,Canyon Rubyspot,Hetaerina vulnerata,Stable,Global,Least Concern,https://www.iucnredlist.org/species/164990/80693642,animalia,insecta
plantae — magnoliopsida,,Hibiscus moscheutos,Unknown,Global,Least Concern,https://www.iucnredlist.org/species/64314251/67729691,plantae,magnoliopsida
plantae — magnoliopsida,Mare's-tail,Hippuris vulgaris,Stable,Global,Least Concern,https://www.iucnredlist.org/species/167870/1178985,plantae,magnoliopsida
plantae — magnoliopsida,,Hoffmannseggia repens,Stable,Global,Near Threatened,https://www.iucnredlist.org/species/19891635/20078730,plantae,magnoliopsida
plantae — liliopsida,California Barley,Hordeum brachyantherum,Stable,Global,Least Concern,https://www.iucnredlist.org/species/21344051/21413445,plantae,liliopsida
plantae — liliopsida,Foxtail Barley,Hordeum jubatum,Stable,Global,Least Concern,https://www.iucnredlist.org/species/21344760/21413510,plantae,liliopsida
plantae — liliopsida,Little Barley,Hordeum pusillum,Stable,Global,Least Concern,https://www.iucnredlist.org/species/21345256/21413380,plantae,liliopsida
plantae — magnoliopsida,,Hypericum anagalloides,Unknown,Global,Least Concern,https://www.iucnredlist.org/species/64314709/67729711,plantae,magnoliopsida
animalia — reptilia,Desert Nightsnake,Hypsiglena chlorophaea,Stable,Global,Least Concern,https://www.iucnredlist.org/species/90067352/90067375,animalia,reptilia
animalia — mammalia,Thirteen-lined Ground Squirrel,Ictidomys tridecemlineatus,Stable,Global,Least Concern,https://www.iucnredlist.org/species/42564/22263122,animalia,mammalia
animalia — mammalia,,Idionycteris phyllotis,Stable,Global,Least Concern,https://www.iucnredlist.org/species/10790/21990019,animalia,mammalia
plantae — magnoliopsida,,Indigofera miniata,Stable,Global,Least Concern,https://www.iucnredlist.org/species/19892543/20086067,plantae,magnoliopsida
plantae — liliopsida,,Iris missouriensis,Unknown,Global,Least Concern,https://www.iucnredlist.org/species/64315039/67729746,plantae,liliopsida
animalia — insecta,Desert Forktail,Ischnura barberi,Stable,Global,Least Concern,https://www.iucnredlist.org/species/51361495/80685300,animalia,insecta
animalia — insecta,Pacific Forktail,Ischnura cervula,Stable,Global,Least Concern,https://www.iucnredlist.org/species/51361508/65836759,animalia,insecta
animalia — insecta,Plains Forktail,Ischnura damula,Stable,Global,Least Concern,https://www.iucnredlist.org/species/51361532/65836764,animalia,insecta
animalia — insecta,Mexican Forktail,Ischnura demorsa,Stable,Global,Least Concern,https://www.iucnredlist.org/species/51361536/80681414,animalia,insecta
animalia — insecta,Black-fronted Forktail,Ischnura denticollis,Stable,Global,Least Concern,https://www.iucnredlist.org/species/51361552/80681399,animalia,insecta
animalia — insecta,Western Forktail,Ischnura perparva,Stable,Global,Least Concern,https://www.iucnredlist.org/species/165003/65826028,animalia,insecta
plantae — lycopodiopsida,,Isoetes bolanderi,Unknown,Global,Least Concern,https://www.iucnredlist.org/species/64315121/67729771,plantae,lycopodiopsida
plantae — lycopodiopsida,,Isoetes howellii,Unknown,Global,Least Concern,https://www.iucnredlist.org/species/64315204/67729781,plantae,lycopodiopsida
plantae — magnoliopsida,,Iva xanthifolia,Unknown,Global,Least Concern,https://www.iucnredlist.org/species/64315276/67729806,plantae,magnoliopsida
plantae — magnoliopsida,Arizona Walnut,Juglans major,Stable,Global,Least Concern,https://www.iucnredlist.org/species/66813121/66813150,plantae,magnoliopsida
plantae — magnoliopsida,Black Walnut,Juglans nigra,Stable,Global,Least Concern,https://www.iucnredlist.org/species/62019712/62019714,plantae,magnoliopsida
plantae — liliopsida,Alpine Rush,Juncus alpinoarticulatus,Stable,Global,Least Concern,https://www.iucnredlist.org/species/19619028/19620901,plantae,liliopsida
plantae — liliopsida,,Juncus articulatus,Stable,Global,Least Concern,https://www.iucnredlist.org/species/163984/5681486,plantae,liliopsida
plantae — liliopsida,Round-fruited Rush,Juncus compressus,Stable,Global,Least Concern,https://www.iucnredlist.org/species/164391/42393382,plantae,liliopsida
plantae — liliopsida,Compact Rush,Juncus conglomeratus,Stable,Global,Least Concern,https://www.iucnredlist.org/species/164416/42393654,plantae,liliopsida
plantae — liliopsida,,Juncus mertensianus,Unknown,Global,Least Concern,https://www.iucnredlist.org/species/64315615/67729872,plantae,liliopsida
plantae — liliopsida,,Juncus nodosus,Unknown,Global,Least Concern,https://www.iucnredlist.org/species/64315636/67729882,plantae,liliopsida
plantae — pinopsida,Common Juniper,Juniperus communis,Increasing,Global,Least Concern,https://www.iucnredlist.org/species/42229/2963096,plantae,pinopsida
plantae — pinopsida,Utah Juniper,Juniperus osteosperma,Increasing,Global,Least Concern,https://www.iucnredlist.org/species/42241/2965708,plantae,pinopsida
plantae — pinopsida,Rocky Mountain Juniper,Juniperus scopulorum,Increasing,Global,Least Concern,https://www.iucnredlist.org/species/42252/2967054,plantae,pinopsida
animalia — insecta,Common Buckeye,Junonia coenia,Unknown,Global,Least Concern,https://www.iucnredlist.org/species/173004520/173053306,animalia,insecta
plantae — magnoliopsida,,Kalmia microphylla,Unknown,Global,Least Concern,https://www.iucnredlist.org/species/64316798/67729922,plantae,magnoliopsida
plantae — liliopsida,,Kobresia simpliciuscula,Unknown,Global,Least Concern,https://www.iucnredlist.org/species/19618171/19620861,plantae,liliopsida
plantae — magnoliopsida,,Lackeya multiflora,Stable,Global,Least Concern,https://www.iucnredlist.org/species/19891627/20091575,plantae,magnoliopsida
fungi — agaricomycetes,,Lactarius alnicola,Stable,Global,Least Concern,https://www.iucnredlist.org/species/260438190/260438192,fungi,agaricomycetes
fungi — agaricomycetes,,Lactarius badiosanguineus,Stable,Global,Least Concern,https://www.iucnredlist.org/species/260436492/260436494,fungi,agaricomycetes
fungi — agaricomycetes,,Lactarius controversus,Stable,Global,Least Concern,https://www.iucnredlist.org/species/227002083/260384582,fungi,agaricomycetes
fungi — agaricomycetes,,Lactarius deterrimus,Stable,Global,Least Concern,https://www.iucnredlist.org/species/122090586/260428575,fungi,agaricomycetes
fungi — agaricomycetes,,Lactarius hepaticus,Stable,Global,Least Concern,https://www.iucnredlist.org/species/260392021/260392023,fungi,agaricomycetes
fungi — agaricomycetes,,Lactarius repraesentaneus,Stable,Global,Least Concern,https://www.iucnredlist.org/species/260382385/260382387,fungi,agaricomycetes
fungi — agaricomycetes,,Lactarius torminosus,Stable,Global,Least Concern,https://www.iucnredlist.org/species/122090603/260425105,fungi,agaricomycetes
fungi — agaricomycetes,,Lactifluus volemus,Stable,Global,Least Concern,https://www.iucnredlist.org/species/260333037/260410655,fungi,agaricomycetes
animalia — gastropoda,Marsh Pondsnail,Ladislavella elodes,Stable,Global,Least Concern,https://www.iucnredlist.org/species/189641/1930093,animalia,gastropoda
animalia — insecta,Chalk-fronted Corporal,Ladona julia,Stable,Global,Least Concern,https://www.iucnredlist.org/species/51274589/65836519,animalia,insecta
animalia — reptilia,Central Plains Milksnake,Lampropeltis gentilis,Stable,Global,Least Concern,https://www.iucnredlist.org/species/90069282/90069314,animalia,reptilia
animalia — reptilia,Sonoran Mountain Kingsnake,Lampropeltis pyromelana,Stable,Global,Least Concern,https://www.iucnredlist.org/species/68045250/68045261,animalia,reptilia
animalia — mammalia,Hoary Bat,Lasiurus cinereus,Unknown,Global,Least Concern,https://www.iucnredlist.org/species/11345/22120305,animalia,mammalia
animalia — mammalia,,Lemmiscus curtatus,Stable,Global,Least Concern,https://www.iucnredlist.org/species/42624/115196202,animalia,mammalia
plantae — liliopsida,Common Duckweed,Lemna minor,Stable,Global,Least Concern,https://www.iucnredlist.org/species/164057/120125670,plantae,liliopsida
plantae — liliopsida,,Lemna minuta,Unknown,Global,Least Concern,https://www.iucnredlist.org/species/64316939/67729952,plantae,liliopsida
plantae — liliopsida,Red Dukweed,Lemna turionifera,Unknown,Global,Least Concern,https://www.iucnredlist.org/species/167881/42396780,plantae,liliopsida
plantae — liliopsida,,Lemna valdiviana,Stable,Global,Least Concern,https://www.iucnredlist.org/species/192003502/192139619,plantae,liliopsida
animalia — mammalia,Snowshoe Hare,Lepus americanus,Stable,Global,Least Concern,https://www.iucnredlist.org/species/41273/45185466,animalia,mammalia
animalia — mammalia,Black-tailed Jackrabbit,Lepus californicus,Decreasing,Global,Least Concern,https://www.iucnredlist.org/species/41276/45186309,animalia,mammalia
animalia — mammalia,White-tailed Jackrabbit,Lepus townsendii,Decreasing,Global,Least Concern,https://www.iucnredlist.org/species/41288/45189364,animalia,mammalia
plantae — magnoliopsida,,Lespedeza hirta,Stable,Global,Least Concern,https://www.iucnredlist.org/species/19892369/20094485,plantae,magnoliopsida
animalia — insecta,Plateau Spreadwing,Lestes alacer,Stable,Global,Least Concern,https://www.iucnredlist.org/species/51364316/80690074,animalia,insecta
animalia — insecta,Spotted Spreadwing,Lestes congener,Stable,Global,Least Concern,https://www.iucnredlist.org/species/51364323/65836789,animalia,insecta
animalia — insecta,Northern Spreadwing,Lestes disjunctus,Stable,Global,Least Concern,https://www.iucnredlist.org/species/51364327/65836794,animalia,insecta
animalia — insecta,Robust Spreadwing,Lestes dryas,Stable,Global,Least Concern,https://www.iucnredlist.org/species/165516/65834549,animalia,insecta
animalia — insecta,Lyre-tipped Spreadwing,Lestes unguiculatus,Stable,Global,Least Concern,https://www.iucnredlist.org/species/51364399/65836819,animalia,insecta
animalia — insecta,Boreal Whiteface,Leucorrhinia borealis,Stable,Global,Least Concern,https://www.iucnredlist.org/species/51274672/65836524,animalia,insecta
animalia — insecta,Hudsonian Whiteface,Leucorrhinia hudsonica,Stable,Global,Least Concern,https://www.iucnredlist.org/species/51274686/65836529,animalia,insecta
animalia — insecta,Dot-tailed Whiteface,Leucorrhinia intacta,Stable,Global,Least Concern,https://www.iucnredlist.org/species/51274744/65836534,animalia,insecta
animalia — insecta,Belted Whiteface,Leucorrhinia proxima,Stable,Global,Least Concern,https://www.iucnredlist.org/species/51274882/65836544,animalia,insecta
animalia — insecta,Comanche Skimmer,Libellula comanche,Stable,Global,Least Concern,https://www.iucnredlist.org/species/164977/80694124,animalia,insecta
animalia — insecta,Bleached Skimmer,Libellula composita,Stable,Global,Least Concern,https://www.iucnredlist.org/species/51275332/80696822,animalia,insecta
animalia — insecta,Neon Skimmer,Libellula croceipennis,Stable,Global,Least Concern,https://www.iucnredlist.org/species/165095/80680770,animalia,insecta
animalia — insecta,Eight-spotted Skimmer,Libellula forensis,Stable,Global,Least Concern,https://www.iucnredlist.org/species/51275487/65836549,animalia,insecta
animalia — insecta,Widow Skimmer,Libellula luctuosa,Stable,Global,Least Concern,https://www.iucnredlist.org/species/165064/65829657,animalia,insecta
animalia — insecta,Hoary Skimmer,Libellula nodisticta,Stable,Global,Least Concern,https://www.iucnredlist.org/species/51276369/80697373,animalia,insecta
animalia — insecta,Twelve-spotted Skimmer,Libellula pulchella,Stable,Global,Least Concern,https://www.iucnredlist.org/species/51276380/65836559,animalia,insecta
animalia — insecta,Four-spotted Chaser,Libellula quadrimaculata,Stable,Global,Least Concern,https://www.iucnredlist.org/species/165469/65834060,animalia,insecta
animalia — insecta,Flame Skimmer,Libellula saturata,Stable,Global,Least Concern,https://www.iucnredlist.org/species/51276401/80696812,animalia,insecta
animalia — insecta,American Snout,Libytheana carinenta,Unknown,Global,Least Concern,https://www.iucnredlist.org/species/160608/842729,animalia,insecta
plantae — magnoliopsida,Fernleaf Licorice-root,Ligusticum filicinum,Unknown,Global,Least Concern,https://www.iucnredlist.org/species/116996267/138134699,plantae,magnoliopsida
plantae — magnoliopsida,Gray's Licorice-root,Ligusticum grayi,Unknown,Global,Least Concern,https://www.iucnredlist.org/species/116996233/138134694,plantae,magnoliopsida
plantae — magnoliopsida,Oshá,Ligusticum porteri,Unknown,Global,Least Concern,https://www.iucnredlist.org/species/116995418/120916883,plantae,magnoliopsida
plantae — magnoliopsida,Idaho Lovage,Ligusticum tenuifolium,Unknown,Global,Least Concern,https://www.iucnredlist.org/species/116996270/138134704,plantae,magnoliopsida
animalia — insecta,Viceroy,Limenitis archippus,Unknown,Global,Least Concern,https://www.iucnredlist.org/species/160397/831906,animalia,insecta
animalia — insecta,Weidemeyer's Admiral,Limenitis weidemeyerii,Unknown,Global,Least Concern,https://www.iucnredlist.org/species/173004526/173053311,animalia,insecta
animalia — amphibia,Relict Leopard Frog,Lithobates onca,Increasing,Global,Endangered,https://www.iucnredlist.org/species/19178/118975504,animalia,amphibia
animalia — amphibia,Northern Leopard Frog,Lithobates pipiens,Decreasing,Global,Least Concern,https://www.iucnredlist.org/species/79079800/3072377,animalia,amphibia
animalia — mammalia,North American River Otter,Lontra canadensis,Stable,Global,Least Concern,https://www.iucnredlist.org/species/12302/164577078,animalia,mammalia
animalia — actinopterygii,Burbot,Lota lota,Stable,Global,Least Concern,https://www.iucnredlist.org/species/135675/135110342,animalia,actinopterygii
plantae — magnoliopsida,,Lotus aboriginus,Stable,Global,Least Concern,https://www.iucnredlist.org/species/19892492/20079094,plantae,magnoliopsida
plantae — magnoliopsida,,Lotus nuttallianus,Decreasing,Global,Endangered,https://www.iucnredlist.org/species/19892876/20148511,plantae,magnoliopsida
animalia — actinopterygii,Rainwater Killifish,Lucania parva,Stable,Global,Least Concern,https://www.iucnredlist.org/species/191368/130017300,animalia,actinopterygii
plantae — magnoliopsida,,Lupinus argenteus,Stable,Global,Least Concern,https://www.iucnredlist.org/species/19892530/20097017,plantae,magnoliopsida
plantae — magnoliopsida,,Lupinus breweri,Stable,Global,Least Concern,https://www.iucnredlist.org/species/19891609/20097549,plantae,magnoliopsida
plantae — magnoliopsida,,Lupinus diffusus,Stable,Global,Least Concern,https://www.iucnredlist.org/species/19891469/20097887,plantae,magnoliopsida
plantae — magnoliopsida,,Lupinus grayi,Stable,Global,Least Concern,https://www.iucnredlist.org/species/19892176/20098217,plantae,magnoliopsida
plantae — magnoliopsida,,Lupinus kingii,Stable,Global,Least Concern,https://www.iucnredlist.org/species/19892376/20098563,plantae,magnoliopsida
plantae — magnoliopsida,,Lupinus microcarpus,Stable,Global,Least Concern,https://www.iucnredlist.org/species/19892809/20098908,plantae,magnoliopsida
plantae — magnoliopsida,,Lupinus obtusilobus,Stable,Global,Least Concern,https://www.iucnredlist.org/species/19891552/20099428,plantae,magnoliopsida
plantae — magnoliopsida,,Lupinus peirsonii,Stable,Global,Near Threatened,https://www.iucnredlist.org/species/19893107/20099770,plantae,magnoliopsida
plantae — magnoliopsida,large-leaved lupine,Lupinus polyphyllus,Unknown,Global,Least Concern,https://www.iucnredlist.org/species/82414032/82414039,plantae,magnoliopsida
plantae — magnoliopsida,,Lupinus rivularis,Unknown,Global,Near Threatened,https://www.iucnredlist.org/species/19891938/20100330,plantae,magnoliopsida
plantae — magnoliopsida,,Lupinus texensis,Stable,Global,Least Concern,https://www.iucnredlist.org/species/19892385/20100713,plantae,magnoliopsida
plantae — magnoliopsida,,Lupinus variicolor,Stable,Global,Least Concern,https://www.iucnredlist.org/species/19892533/20101063,plantae,magnoliopsida
plantae — magnoliopsida,,Lupinus westianus,Decreasing,Global,Near Threatened,https://www.iucnredlist.org/species/19891535/20101361,plantae,magnoliopsida
plantae — magnoliopsida,,Lycopus americanus,Unknown,Global,Least Concern,https://www.iucnredlist.org/species/64317515/67730027,plantae,magnoliopsida
plantae — magnoliopsida,,Lycopus asper,Unknown,Global,Least Concern,https://www.iucnredlist.org/species/64317523/67730032,plantae,magnoliopsida
animalia — mammalia,Bobcat,Lynx rufus,Stable,Global,Least Concern,https://www.iucnredlist.org/species/12521/50655874,animalia,mammalia
plantae — magnoliopsida,,Lysimachia ciliata,Unknown,Global,Least Concern,https://www.iucnredlist.org/species/64317587/67730057,plantae,magnoliopsida
plantae — magnoliopsida,Purple Loosestrife,Lythrum salicaria,Stable,Global,Least Concern,https://www.iucnredlist.org/species/164323/42329075,plantae,magnoliopsida
animalia — insecta,Western River Cruiser,Macromia magnifica,Stable,Global,Least Concern,https://www.iucnredlist.org/species/50978719/65836279,animalia,insecta
plantae — magnoliopsida,Southwestern Prickly-pear,Mammillaria tetrancistra,Stable,Global,Least Concern,https://www.iucnredlist.org/species/151771/121508260,plantae,magnoliopsida
animalia — bivalvia,Western Pearlshell,Margaritifera falcata,Decreasing,Global,Near Threatened,https://www.iucnredlist.org/species/91109639/114128748,animalia,bivalvia
plantae — magnoliopsida,,Marina orcuttii,Unknown,Global,Least Concern,https://www.iucnredlist.org/species/19891659/20104764,plantae,magnoliopsida
plantae — magnoliopsida,,Marina parryi,Stable,Global,Least Concern,https://www.iucnredlist.org/species/19892813/20105120,plantae,magnoliopsida
animalia — mammalia,,Marmota flaviventris,Stable,Global,Least Concern,https://www.iucnredlist.org/species/42457/115189809,animalia,mammalia
animalia — gastropoda,Button Sprite,Menetus opercularis,Unknown,Global,Least Concern,https://www.iucnredlist.org/species/69626399/69633168,animalia,gastropoda
plantae — magnoliopsida,Spearmint,Mentha spicata,Stable,Global,Least Concern,https://www.iucnredlist.org/species/164464/42395980,plantae,magnoliopsida
animalia — mammalia,,Microdipodops megacephalus,Decreasing,Global,Least Concern,https://www.iucnredlist.org/species/42606/115193770,animalia,mammalia
animalia — insecta,,Microphotus octarthrus,Unknown,Global,Data Deficient,https://www.iucnredlist.org/species/164048344/166771678,animalia,insecta
animalia — insecta,,Microphotus pecosensis,Unknown,Global,Data Deficient,https://www.iucnredlist.org/species/164048400/166771683,animalia,insecta
animalia — mammalia,,Microtus longicaudus,Stable,Global,Least Concern,https://www.iucnredlist.org/species/42627/115196586,animalia,mammalia
animalia — mammalia,,Microtus montanus,Stable,Global,Least Concern,https://www.iucnredlist.org/species/42630/22346732,animalia,mammalia
animalia — mammalia,Meadow Vole,Microtus pennsylvanicus,Stable,Global,Least Concern,https://www.iucnredlist.org/species/13452/115114123,animalia,mammalia
animalia — mammalia,,Microtus richardsoni,Stable,Global,Least Concern,https://www.iucnredlist.org/species/42634/115197660,animalia,mammalia
plantae — magnoliopsida,,Mimosa wherryana,Stable,Global,Least Concern,https://www.iucnredlist.org/species/19893031/20113154,plantae,magnoliopsida
plantae — magnoliopsida,,Mimulus floribundus,Unknown,Global,Least Concern,https://www.iucnredlist.org/species/64318097/67730107,plantae,magnoliopsida
plantae — magnoliopsida,,Mimulus guttatus,Unknown,Global,Least Concern,https://www.iucnredlist.org/species/64318116/67730117,plantae,magnoliopsida
plantae — magnoliopsida,,Mimulus lewisii,Unknown,Global,Least Concern,https://www.iucnredlist.org/species/64318150/67730122,plantae,magnoliopsida
plantae — magnoliopsida,,Mimulus moschatus,Unknown,Global,Least Concern,https://www.iucnredlist.org/species/64318171/67730127,plantae,magnoliopsida
plantae — magnoliopsida,,Mimulus tilingii,Unknown,Global,Least Concern,https://www.iucnredlist.org/species/64318184/67730137,plantae,magnoliopsida
plantae — magnoliopsida,Dwarf stitchwort,Minuartia pusilla,Unknown,Global,Least Concern,https://www.iucnredlist.org/species/81358340/81358429,plantae,magnoliopsida
plantae — magnoliopsida,,Montia chamissoi,Unknown,Global,Least Concern,https://www.iucnredlist.org/species/64318243/67730142,plantae,magnoliopsida
plantae — magnoliopsida,,Myosurus apetalus,Unknown,Global,Least Concern,https://www.iucnredlist.org/species/64318300/67730162,plantae,magnoliopsida
animalia — mammalia,,Myotis californicus,Unknown,Global,Least Concern,https://www.iucnredlist.org/species/14150/22061366,animalia,mammalia
animalia — mammalia,,Myotis ciliolabrum,Stable,Global,Least Concern,https://www.iucnredlist.org/species/14153/22058110,animalia,mammalia
animalia — mammalia,,Myotis evotis,Stable,Global,Least Concern,https://www.iucnredlist.org/species/14157/22059133,animalia,mammalia
animalia — mammalia,,Myotis thysanodes,Stable,Global,Least Concern,https://www.iucnredlist.org/species/14206/22063246,animalia,mammalia
animalia — mammalia,Long-legged Myotis,Myotis volans,Stable,Global,Least Concern,https://www.iucnredlist.org/species/14210/22069325,animalia,mammalia
animalia — mammalia,Yuma Myotis,Myotis yumanensis,Stable,Global,Least Concern,https://www.iucnredlist.org/species/14213/22068335,animalia,mammalia
plantae — magnoliopsida,Spiked Water-milfoil,Myriophyllum spicatum,Stable,Global,Least Concern,https://www.iucnredlist.org/species/164481/120202935,plantae,magnoliopsida
plantae — magnoliopsida,Whorled Leaf Water Milfoil,Myriophyllum verticillatum,Unknown,Global,Least Concern,https://www.iucnredlist.org/species/164335/1042718,plantae,magnoliopsida
plantae — liliopsida,Holly-leaved Naiad,Najas marina,Stable,Global,Least Concern,https://www.iucnredlist.org/species/164322/120204953,plantae,liliopsida
plantae — magnoliopsida,,Navarretia leucocephala,Unknown,Global,Least Concern,https://www.iucnredlist.org/species/64318755/67730212,plantae,magnoliopsida
animalia — mammalia,Yellow-pine Chipmunk,Neotamias amoenus,Stable,Global,Least Concern,https://www.iucnredlist.org/species/42569/115190467,animalia,mammalia
animalia — mammalia,Cliff Chipmunk,Neotamias dorsalis,Stable,Global,Least Concern,https://www.iucnredlist.org/species/42571/115190634,animalia,mammalia
animalia — mammalia,Least Chipmunk,Neotamias minimus,Stable,Global,Least Concern,https://www.iucnredlist.org/species/42572/115190804,animalia,mammalia
animalia — mammalia,Hopi Chipmunk,Neotamias rufus,Stable,Global,Least Concern,https://www.iucnredlist.org/species/42578/115191185,animalia,mammalia
animalia — mammalia,Uinta Chipmunk,Neotamias umbrinus,Stable,Global,Least Concern,https://www.iucnredlist.org/species/42585/115192014,animalia,mammalia
animalia — mammalia,,Neotoma albigula,Stable,Global,Least Concern,https://www.iucnredlist.org/species/14582/115122696,animalia,mammalia
animalia — mammalia,Bushy-tailed Woodrat,Neotoma cinerea,Stable,Global,Least Concern,https://www.iucnredlist.org/species/42673/115200351,animalia,mammalia
animalia — mammalia,Arizona Woodrat,Neotoma devia,Stable,Global,Least Concern,https://www.iucnredlist.org/species/14586/22371569,animalia,mammalia
animalia — mammalia,Desert Woodrat,Neotoma lepida,Stable,Global,Least Concern,https://www.iucnredlist.org/species/116988741/123797359,animalia,mammalia
animalia — mammalia,,Neotoma mexicana,Stable,Global,Least Concern,https://www.iucnredlist.org/species/14590/115123126,animalia,mammalia
animalia — mammalia,,Neotoma stephensi,Stable,Global,Least Concern,https://www.iucnredlist.org/species/42651/115199398,animalia,mammalia
animalia — mammalia,Big Free-tailed Bat,Nyctinomops macrotis,Unknown,Global,Least Concern,https://www.iucnredlist.org/species/14996/97207443,animalia,mammalia
animalia — insecta,Garita Skipperling,Oarisma garita,Stable,Global,Least Concern,https://www.iucnredlist.org/species/125855131/125886073,animalia,insecta
animalia — mammalia,American Pika,Ochotona princeps,Decreasing,Global,Least Concern,https://www.iucnredlist.org/species/41267/45184315,animalia,mammalia
animalia — mammalia,Mule Deer,Odocoileus hemionus,Stable,Global,Least Concern,https://www.iucnredlist.org/species/42393/22162113,animalia,mammalia
animalia — mammalia,,Onychomys leucogaster,Stable,Global,Least Concern,https://www.iucnredlist.org/species/15338/115127288,animalia,mammalia
animalia — mammalia,,Onychomys torridus,Stable,Global,Least Concern,https://www.iucnredlist.org/species/15339/115127523,animalia,mammalia
animalia — insecta,Great Basin Snaketail,Ophiogomphus morrisoni,Stable,Global,Least Concern,https://www.iucnredlist.org/species/51179375/80696423,animalia,insecta
animalia — insecta,Sinuous Snaketail,Ophiogomphus occidentis,Stable,Global,Least Concern,https://www.iucnredlist.org/species/164955/65821920,animalia,insecta
animalia — insecta,Pale Snaketail,Ophiogomphus severus,Stable,Global,Least Concern,https://www.iucnredlist.org/species/51179458/65836469,animalia,insecta
animalia — insecta,Riffle Darner,Oplonaeschna armata,Stable,Global,Least Concern,https://www.iucnredlist.org/species/50967446/80680332,animalia,insecta
plantae — magnoliopsida,Golden Prickly-pear,Opuntia aurea,Stable,Global,Least Concern,https://www.iucnredlist.org/species/151954/121574153,plantae,magnoliopsida
plantae — magnoliopsida,Beavertail Prickly-pear,Opuntia basilaris,Stable,Global,Least Concern,https://www.iucnredlist.org/species/152316/121587572,plantae,magnoliopsida
plantae — magnoliopsida,Dollar-joint Prickly-pear,Opuntia chlorotica,Stable,Global,Least Concern,https://www.iucnredlist.org/species/152366/121590014,plantae,magnoliopsida
plantae — magnoliopsida,Brittle Prickly-pear,Opuntia fragilis,Stable,Global,Least Concern,https://www.iucnredlist.org/species/151913/121572262,plantae,magnoliopsida
plantae — magnoliopsida,Twistspine Pricklypear,Opuntia macrorhiza,Stable,Global,Least Concern,https://www.iucnredlist.org/species/152371/121590513,plantae,magnoliopsida
plantae — magnoliopsida,New Mexico Prickly-pear,Opuntia phaeacantha,Stable,Global,Least Concern,https://www.iucnredlist.org/species/152851/121613191,plantae,magnoliopsida
plantae — magnoliopsida,Bulrush Canyon Prickly-pear,Opuntia pinkavae,Stable,Global,Least Concern,https://www.iucnredlist.org/species/152901/121616105,plantae,magnoliopsida
plantae — magnoliopsida,Panhandle Prickly-pear,Opuntia polyacantha,Stable,Global,Least Concern,https://www.iucnredlist.org/species/151747/121565302,plantae,magnoliopsida
animalia — malacostraca,,Orconectes virilis,Stable,Global,Least Concern,https://www.iucnredlist.org/species/153831/4551026,animalia,malacostraca
animalia — mammalia,Mountain Goat,Oreamnos americanus,Stable,Global,Least Concern,https://www.iucnredlist.org/species/42680/254517035,animalia,mammalia
animalia — insecta,Roseate Skimmer,Orthemis ferruginea,Stable,Global,Least Concern,https://www.iucnredlist.org/species/164944/80681748,animalia,insecta
plantae — magnoliopsida,Knowlton’s hop-hornbeam,Ostrya knowltonii,Stable,Global,Least Concern,https://www.iucnredlist.org/species/194557/2349148,plantae,magnoliopsida
animalia — mammalia,Rock Squirrel,Otospermophilus variegatus,Stable,Global,Least Concern,https://www.iucnredlist.org/species/20495/22263993,animalia,mammalia
plantae — magnoliopsida,,Oxyrhynchus volubilis,Stable,Global,Least Concern,https://www.iucnredlist.org/species/19891743/20117423,plantae,magnoliopsida
plantae — magnoliopsida,,Oxytropis lambertii,Stable,Global,Least Concern,https://www.iucnredlist.org/species/19891888/20120153,plantae,magnoliopsida
animalia — insecta,Blue Dasher,Pachydiplax longipennis,Increasing,Global,Least Concern,https://www.iucnredlist.org/species/51279390/65836579,animalia,insecta
animalia — malacostraca,,Pacifastacus gambelii,Unknown,Global,Least Concern,https://www.iucnredlist.org/species/153735/4538132,animalia,malacostraca
animalia — malacostraca,Signal Crayfish,Pacifastacus leniusculus,Unknown,Global,Least Concern,https://www.iucnredlist.org/species/153648/4526314,animalia,malacostraca
animalia — insecta,Red Rock Skimmer,Paltothemis lineatipes,Stable,Global,Least Concern,https://www.iucnredlist.org/species/51279601/80696418,animalia,insecta
animalia — insecta,Wandering Glider,Pantala flavescens,Stable,Global,Least Concern,https://www.iucnredlist.org/species/59971/65818523,animalia,insecta
animalia — insecta,Spot-winged Glider,Pantala hymenaea,Stable,Global,Least Concern,https://www.iucnredlist.org/species/49254542/65836149,animalia,insecta
animalia — actinopterygii,Desert Sucker,Pantosteus clarkii,Stable,Global,Least Concern,https://www.iucnredlist.org/species/62193/129656831,animalia,actinopterygii
animalia — insecta,Two-tailed Tiger swallowtail,Papilio multicaudata,Unknown,Global,Least Concern,https://www.iucnredlist.org/species/110608304/110608309,animalia,insecta
animalia — mammalia,Western Pipistrelle,Parastrellus hesperus,Stable,Global,Least Concern,https://www.iucnredlist.org/species/17341/22129352,animalia,mammalia
plantae — magnoliopsida,,Parnassia fimbriata,Unknown,Global,Least Concern,https://www.iucnredlist.org/species/64319175/67730282,plantae,magnoliopsida
plantae — magnoliopsida,Grass-of-Parnassus,Parnassia palustris,Decreasing,Global,Least Concern,https://www.iucnredlist.org/species/164421/42399385,plantae,magnoliopsida
plantae — magnoliopsida,,Pedicularis groenlandica,Unknown,Global,Least Concern,https://www.iucnredlist.org/species/64319294/67730297,plantae,magnoliopsida
plantae — magnoliopsida,Despain's Pincushion Cactus,Pediocactus despainii,Decreasing,Global,Near Threatened,https://www.iucnredlist.org/species/153464/121619198,plantae,magnoliopsida
plantae — magnoliopsida,Siler's Pincushion Cactus,Pediocactus sileri,Decreasing,Global,Least Concern,https://www.iucnredlist.org/species/152679/121604306,plantae,magnoliopsida
plantae — magnoliopsida,Simpson's Hedgehog Cactus,Pediocactus simpsonii,Stable,Global,Least Concern,https://www.iucnredlist.org/species/152758/121609014,plantae,magnoliopsida
plantae — magnoliopsida,Winkler's Pincushion Cactus,Pediocactus winkleri,Stable,Global,Least Concern,https://www.iucnredlist.org/species/153107/121619059,plantae,magnoliopsida
plantae — magnoliopsida,,Pediomelum aromaticum,Stable,Global,Least Concern,https://www.iucnredlist.org/species/19892153/20126631,plantae,magnoliopsida
plantae — magnoliopsida,Breadroot,Pediomelum esculentum,Stable,Global,Least Concern,https://www.iucnredlist.org/species/19891733/20131153,plantae,magnoliopsida
plantae — magnoliopsida,,Pediomelum reverchonii,Stable,Global,Near Threatened,https://www.iucnredlist.org/species/19891913/20131518,plantae,magnoliopsida
animalia — mammalia,,Perognathus fasciatus,Stable,Global,Least Concern,https://www.iucnredlist.org/species/42608/115194044,animalia,mammalia
animalia — mammalia,,Perognathus flavescens,Stable,Global,Least Concern,https://www.iucnredlist.org/species/16634/115134864,animalia,mammalia
animalia — mammalia,,Perognathus flavus,Stable,Global,Least Concern,https://www.iucnredlist.org/species/16635/115135061,animalia,mammalia
animalia — mammalia,,Perognathus longimembris,Stable,Global,Least Concern,https://www.iucnredlist.org/species/16636/115135230,animalia,mammalia
animalia — mammalia,,Perognathus parvus,Stable,Global,Least Concern,https://www.iucnredlist.org/species/42610/115194207,animalia,mammalia
animalia — mammalia,,Peromyscus boylii,Stable,Global,Least Concern,https://www.iucnredlist.org/species/16652/115135521,animalia,mammalia
animalia — mammalia,,Peromyscus crinitus,Stable,Global,Least Concern,https://www.iucnredlist.org/species/16656/115135684,animalia,mammalia
animalia — mammalia,Cactus Mouse,Peromyscus eremicus,Stable,Global,Least Concern,https://www.iucnredlist.org/species/16659/143641683,animalia,mammalia
animalia — mammalia,,Peromyscus nasutus,Unknown,Global,Least Concern,https://www.iucnredlist.org/species/16682/115137189,animalia,mammalia
plantae — magnoliopsida,Amphibious Bistort,Persicaria amphibia,Unknown,Global,Least Concern,https://www.iucnredlist.org/species/184425/13566131,plantae,magnoliopsida
plantae — magnoliopsida,Water-pepper,Persicaria hydropiper,Stable,Global,Least Concern,https://www.iucnredlist.org/species/163977/42399743,plantae,magnoliopsida
plantae — magnoliopsida,,Persicaria lapathifolia,Unknown,Global,Least Concern,https://www.iucnredlist.org/species/164411/1048733,plantae,magnoliopsida
plantae — magnoliopsida,Shiny-leaf Sandpaper Plant,Petalonyx nitidus,Unknown,Global,Least Concern,https://www.iucnredlist.org/species/184929359/188497987,plantae,magnoliopsida
plantae — liliopsida,Reed Canary-grass,Phalaris arundinacea,Unknown,Global,Least Concern,https://www.iucnredlist.org/species/164064/1021826,plantae,liliopsida
plantae — magnoliopsida,,Phaseolus polystachios,Stable,Global,Least Concern,https://www.iucnredlist.org/species/19892040/20127299,plantae,magnoliopsida
animalia — mammalia,,Phenacomys intermedius,Stable,Global,Least Concern,https://www.iucnredlist.org/species/42636/115197827,animalia,mammalia
plantae — liliopsida,Alpine Cat's-tail,Phleum alpinum,Stable,Global,Least Concern,https://www.iucnredlist.org/species/44393234/44458929,plantae,liliopsida
animalia — reptilia,Desert Horned Lizard,Phrynosoma platyrhinos,Stable,Global,Least Concern,https://www.iucnredlist.org/species/89974770/89975571,animalia,reptilia
plantae — magnoliopsida,,Phyla lanceolata,Unknown,Global,Least Concern,https://www.iucnredlist.org/species/64320389/67730352,plantae,magnoliopsida
animalia — gastropoda,Cloaked Physa,Physa megalochlamys,Unknown,Global,Data Deficient,https://www.iucnredlist.org/species/189472/80972944,animalia,gastropoda
animalia — gastropoda,Glass Physa,Physa skinneri,Unknown,Global,Least Concern,https://www.iucnredlist.org/species/69624052/69633078,animalia,gastropoda
animalia — gastropoda,Wet-rock Physa,Physa zionis,Stable,Global,Vulnerable,https://www.iucnredlist.org/species/189694/1933309,animalia,gastropoda
plantae — magnoliopsida,Tomatito,Physalis crassifolia,Stable,Global,Least Concern,https://www.iucnredlist.org/species/105907527/105907530,plantae,magnoliopsida
plantae — magnoliopsida,Lobed Groundcherry,Physalis lobata,Stable,Global,Least Concern,https://www.iucnredlist.org/species/103296305/103296313,plantae,magnoliopsida
animalia — gastropoda,Tadpole Physa,Physella gyrina,Stable,Global,Least Concern,https://www.iucnredlist.org/species/156003/739164,animalia,gastropoda
animalia — gastropoda,Fish Lake Physa,Physella microstriata,,Global,Extinct,https://www.iucnredlist.org/species/17240/6884311,animalia,gastropoda
animalia — gastropoda,Rocky Mountain Physa,Physella propinqua,Unknown,Global,Least Concern,https://www.iucnredlist.org/species/69624538/69633113,animalia,gastropoda
plantae — magnoliopsida,,Physostegia parviflora,Unknown,Global,Least Concern,https://www.iucnredlist.org/species/64320455/67730362,plantae,magnoliopsida
plantae — pinopsida,Engelmann Spruce,Picea engelmannii,Stable,Global,Least Concern,https://www.iucnredlist.org/species/42322/2972365,plantae,pinopsida
plantae — pinopsida,Blue Spruce,Picea pungens,Stable,Global,Least Concern,https://www.iucnredlist.org/species/42333/2973433,plantae,pinopsida
plantae — pinopsida,Pinyon Pine,Pinus edulis,Stable,Global,Least Concern,https://www.iucnredlist.org/species/42360/2975133,plantae,pinopsida
plantae — pinopsida,Limber Pine,Pinus flexilis,Decreasing,Global,Least Concern,https://www.iucnredlist.org/species/42363/2975338,plantae,pinopsida
plantae — pinopsida,Great Basin Bristlecone Pine,Pinus longaeva,Stable,Global,Least Concern,https://www.iucnredlist.org/species/34024/9830878,plantae,pinopsida
plantae — pinopsida,Single Leaf Pinyon Pine,Pinus monophylla,Stable,Global,Least Concern,https://www.iucnredlist.org/species/42381/2976514,plantae,pinopsida
plantae — pinopsida,Ponderosa Pine,Pinus ponderosa,Stable,Global,Least Concern,https://www.iucnredlist.org/species/42401/2977432,plantae,pinopsida
animalia — bivalvia,Rusty Peaclam,Pisidium ferrugineum,Unknown,Global,Least Concern,https://www.iucnredlist.org/species/189450/58625885,animalia,bivalvia
animalia — bivalvia,,Pisidium rotundatum,Stable,Global,Least Concern,https://www.iucnredlist.org/species/66639363/66639550,animalia,bivalvia
animalia — bivalvia,,Pisidium variabile,Unknown,Global,Least Concern,https://www.iucnredlist.org/species/189047/58620524,animalia,bivalvia
animalia — bivalvia,Globular Peaclam,Pisidium ventricosum,Unknown,Global,Least Concern,https://www.iucnredlist.org/species/189214/58622724,animalia,bivalvia
animalia — gastropoda,Coarse Ramshorn,Planorbella binneyi,Decreasing,Global,Data Deficient,https://www.iucnredlist.org/species/69626410/69633173,animalia,gastropoda
animalia — gastropoda,Lamb Ramshorn,Planorbella oregonensis,Unknown,Global,Vulnerable,https://www.iucnredlist.org/species/189578/1928852,animalia,gastropoda
animalia — gastropoda,Rough Ramshorn,Planorbella subcrenata,Stable,Global,Least Concern,https://www.iucnredlist.org/species/69626464/69633193,animalia,gastropoda
animalia — gastropoda,Marsh Ramshorn,Planorbella trivolvis,Stable,Global,Least Concern,https://www.iucnredlist.org/species/189351/58581999,animalia,gastropoda
plantae — magnoliopsida,,Plantago eriopoda,Unknown,Global,Least Concern,https://www.iucnredlist.org/species/64320648/67730397,plantae,magnoliopsida
plantae — liliopsida,Alcove Bog Orchid,Platanthera zothecina,Unknown,Global,Data Deficient,https://www.iucnredlist.org/species/64176810/64176813,plantae,liliopsida
animalia — insecta,Common Whitetail,Plathemis lydia,Stable,Global,Least Concern,https://www.iucnredlist.org/species/51280160/65836589,animalia,insecta
animalia — insecta,Desert Whitetail,Plathemis subornata,Stable,Global,Least Concern,https://www.iucnredlist.org/species/51280207/80689475,animalia,insecta
plantae — liliopsida,,Poa angustifolia,Stable,Global,Least Concern,https://www.iucnredlist.org/species/44392851/44508366,plantae,liliopsida
plantae — liliopsida,,Poa leptocoma,Unknown,Global,Least Concern,https://www.iucnredlist.org/species/64321338/67730437,plantae,liliopsida
plantae — liliopsida,,Poa reflexa,Unknown,Global,Least Concern,https://www.iucnredlist.org/species/64321353/67730447,plantae,liliopsida
plantae — magnoliopsida,,Polemonium pulcherrimum,Unknown,Global,Least Concern,https://www.iucnredlist.org/species/64321407/67730467,plantae,magnoliopsida
plantae — magnoliopsida,,Polemonium viscosum,Unknown,Global,Least Concern,https://www.iucnredlist.org/species/64321422/67730472,plantae,magnoliopsida
animalia — insecta,Question Mark,Polygonia interrogationis,Unknown,Global,Least Concern,https://www.iucnredlist.org/species/173004535/173004543,animalia,insecta
plantae — liliopsida,Annual Beard-grass,Polypogon monspeliensis,Stable,Global,Least Concern,https://www.iucnredlist.org/species/164232/42575192,plantae,liliopsida
plantae — liliopsida,Water Bent,Polypogon viridis,Stable,Global,Least Concern,https://www.iucnredlist.org/species/164337/13556201,plantae,liliopsida
plantae — magnoliopsida,,Pomaria jamesii,Stable,Global,Least Concern,https://www.iucnredlist.org/species/19891413/20129619,plantae,magnoliopsida
plantae — magnoliopsida,Balsam Poplar,Populus balsamifera,Stable,Global,Least Concern,https://www.iucnredlist.org/species/61959749/61959757,plantae,magnoliopsida
plantae — magnoliopsida,Eastern Cottonwood,Populus deltoides,Stable,Global,Least Concern,https://www.iucnredlist.org/species/61959821/61959828,plantae,magnoliopsida
plantae — magnoliopsida,,Populus fremontii,Stable,Global,Least Concern,https://www.iucnredlist.org/species/153746001/181465238,plantae,magnoliopsida
plantae — magnoliopsida,Quaking Aspen,Populus tremuloides,Stable,Global,Least Concern,https://www.iucnredlist.org/species/61960127/61960136,plantae,magnoliopsida
plantae — magnoliopsida,,Populus tristis,Stable,Global,Least Concern,https://www.iucnredlist.org/species/208705006/223508576,plantae,magnoliopsida
plantae — liliopsida,Red Pondweed,Potamogeton alpinus,Stable,Global,Least Concern,https://www.iucnredlist.org/species/167896/161242108,plantae,liliopsida
plantae — liliopsida,American Pondweed,Potamogeton epihydrus,Unknown,Global,Least Concern,https://www.iucnredlist.org/species/167901/78457137,plantae,liliopsida
plantae — liliopsida,Flat-stalked Pondweed,Potamogeton friesii,Unknown,Global,Least Concern,https://www.iucnredlist.org/species/167903/1180709,plantae,liliopsida
plantae — liliopsida,Various-leaved Pondweed,Potamogeton gramineus,Stable,Global,Least Concern,https://www.iucnredlist.org/species/167904/42401843,plantae,liliopsida
plantae — liliopsida,Long-stalked Pondweed,Potamogeton praelongus,Stable,Global,Least Concern,https://www.iucnredlist.org/species/167906/42402297,plantae,liliopsida
plantae — liliopsida,Lesser Pondweed,Potamogeton pusillus,Stable,Global,Least Concern,https://www.iucnredlist.org/species/163982/120218868,plantae,liliopsida
plantae — liliopsida,,Potamogeton richardsonii,Unknown,Global,Least Concern,https://www.iucnredlist.org/species/64321569/67730522,plantae,liliopsida
plantae — liliopsida,,Potamogeton robbinsii,Unknown,Global,Least Concern,https://www.iucnredlist.org/species/64321575/67730527,plantae,liliopsida
plantae — liliopsida,,Potamogeton strictifolius,Unknown,Global,Least Concern,https://www.iucnredlist.org/species/64321584/67730537,plantae,liliopsida
plantae — magnoliopsida,,Potentilla diversifolia,Unknown,Global,Least Concern,https://www.iucnredlist.org/species/64321705/67730552,plantae,magnoliopsida
plantae — magnoliopsida,,Potentilla drummondii,Unknown,Global,Least Concern,https://www.iucnredlist.org/species/64321721/67730557,plantae,magnoliopsida
plantae — magnoliopsida,,Potentilla rivalis,Unknown,Global,Least Concern,https://www.iucnredlist.org/species/64321742/67730567,plantae,magnoliopsida
plantae — magnoliopsida,,Primula incana,Unknown,Global,Least Concern,https://www.iucnredlist.org/species/64321902/67730577,plantae,magnoliopsida
animalia — malacostraca,Red Swamp Crayfish,Procambarus clarkii,Increasing,Global,Least Concern,https://www.iucnredlist.org/species/153877/4557336,animalia,malacostraca
animalia — insecta,Gray Sanddragon,Progomphus borealis,Stable,Global,Least Concern,https://www.iucnredlist.org/species/51272337/80679947,animalia,insecta
animalia — gastropoda,Sharp Sprite,Promenetus exacuous,Stable,Global,Least Concern,https://www.iucnredlist.org/species/69626517/69633203,animalia,gastropoda
animalia — gastropoda,Umbilicate Sprite,Promenetus umbilicatellus,Unknown,Global,Least Concern,https://www.iucnredlist.org/species/69626580/69633208,animalia,gastropoda
plantae — magnoliopsida,American Plum,Prunus americana,Stable,Global,Least Concern,https://www.iucnredlist.org/species/50669154/50672305,plantae,magnoliopsida
plantae — magnoliopsida,Besseyi Cherry,Prunus besseyi,Stable,Global,Least Concern,https://www.iucnredlist.org/species/50135652/50135655,plantae,magnoliopsida
plantae — magnoliopsida,Bitter Cherry,Prunus emarginata,Stable,Global,Least Concern,https://www.iucnredlist.org/species/50136459/50673950,plantae,magnoliopsida
animalia — amphibia,Boreal Chorus Frog,Pseudacris maculata,Decreasing,Global,Least Concern,https://www.iucnredlist.org/species/136004/193394414,animalia,amphibia
animalia — amphibia,Sierra Chorus Frog,Pseudacris sierra,Stable,Global,Least Concern,https://www.iucnredlist.org/species/166733192/170347548,animalia,amphibia
plantae — pinopsida,Douglas-fir,Pseudotsuga menziesii,Stable,Global,Least Concern,https://www.iucnredlist.org/species/42429/2979531,plantae,pinopsida
plantae — magnoliopsida,,Psilocarphus brevissimus,Unknown,Global,Data Deficient,https://www.iucnredlist.org/species/64322054/67730602,plantae,magnoliopsida
plantae — magnoliopsida,,Psorothamnus thompsoniae,Stable,Global,Least Concern,https://www.iucnredlist.org/species/19892963/20132259,plantae,magnoliopsida
plantae — liliopsida,Shining flatsedge,Pycreus bipartitus,Unknown,Global,Least Concern,https://www.iucnredlist.org/species/64322123/67730617,plantae,liliopsida
animalia — insecta,,Pyractomena dispersa,Decreasing,Global,Data Deficient,https://www.iucnredlist.org/species/164044858/166771363,animalia,insecta
animalia — gastropoda,Salton Sea Springsnail,Pyrgulopsis longinqua,Unknown,Global,Data Deficient,https://www.iucnredlist.org/species/189327/1923684,animalia,gastropoda
animalia — gastropoda,Bear Lake Springsnail,Pyrgulopsis pilsbryana,Unknown,Global,Near Threatened,https://www.iucnredlist.org/species/189636/1929879,animalia,gastropoda
animalia — insecta,,Pyropyga nigricans,Unknown,Global,Least Concern,https://www.iucnredlist.org/species/163979721/166771213,animalia,insecta
plantae — magnoliopsida,Gambel Oak,Quercus gambelii,Stable,Global,Least Concern,https://www.iucnredlist.org/species/194132/2302147,plantae,magnoliopsida
plantae — magnoliopsida,Sonoran Scrub Oak,Quercus turbinella,Stable,Global,Least Concern,https://www.iucnredlist.org/species/194242/2305742,plantae,magnoliopsida
animalia — amphibia,Columbia Spotted Frog,Rana luteiventris,Decreasing,Global,Least Concern,https://www.iucnredlist.org/species/58649/196336248,animalia,amphibia
plantae — magnoliopsida,Common Water-crowfoot,Ranunculus aquatilis,Stable,Global,Least Concern,https://www.iucnredlist.org/species/164182/63309730,plantae,magnoliopsida
plantae — magnoliopsida,,Ranunculus flabellaris,Unknown,Global,Least Concern,https://www.iucnredlist.org/species/64322157/67730627,plantae,magnoliopsida
plantae — magnoliopsida,,Ranunculus flammula,Stable,Global,Least Concern,https://www.iucnredlist.org/species/164282/42405074,plantae,magnoliopsida
plantae — magnoliopsida,,Ranunculus gmelinii,Unknown,Global,Least Concern,https://www.iucnredlist.org/species/64322166/67730632,plantae,magnoliopsida
animalia — mammalia,,Reithrodontomys megalotis,Stable,Global,Least Concern,https://www.iucnredlist.org/species/19410/115151098,animalia,mammalia
animalia — actinopterygii,Longnose Dace,Rhinichthys cataractae,Stable,Global,Least Concern,https://www.iucnredlist.org/species/62204/130050777,animalia,actinopterygii
animalia — insecta,California Darner,Rhionaeschna californica,Stable,Global,Least Concern,https://www.iucnredlist.org/species/50967530/65836194,animalia,insecta
animalia — insecta,Blue-eyed Darner,Rhionaeschna multicolor,Stable,Global,Least Concern,https://www.iucnredlist.org/species/50967597/65836199,animalia,insecta
plantae — magnoliopsida,Staghorn Sumac,Rhus typhina,Stable,Global,Least Concern,https://www.iucnredlist.org/species/61984086/61984088,plantae,magnoliopsida
plantae — magnoliopsida,,Rhynchosia minima,Stable,Global,Least Concern,https://www.iucnredlist.org/species/19379374/20135353,plantae,magnoliopsida
plantae — magnoliopsida,,Robinia hispida,Stable,Global,Least Concern,https://www.iucnredlist.org/species/19892296/20138109,plantae,magnoliopsida
plantae — magnoliopsida,,Robinia neomexicana,Stable,Global,Least Concern,https://www.iucnredlist.org/species/19892906/20138525,plantae,magnoliopsida
plantae — magnoliopsida,Austrian Field Cress,Rorippa austriaca,Unknown,Global,Least Concern,https://www.iucnredlist.org/species/176580/42339673,plantae,magnoliopsida
plantae — magnoliopsida,Creeping Yellow Cress,Rorippa sylvestris,Stable,Global,Least Concern,https://www.iucnredlist.org/species/176486/42340328,plantae,magnoliopsida
plantae — magnoliopsida,,Rumex occidentalis,Unknown,Global,Least Concern,https://www.iucnredlist.org/species/64324181/67730737,plantae,magnoliopsida
fungi — agaricomycetes,,Russula atropurpurea,Stable,Global,Least Concern,https://www.iucnredlist.org/species/260333211/260409635,fungi,agaricomycetes
fungi — agaricomycetes,,Russula cyanoxantha,Stable,Global,Least Concern,https://www.iucnredlist.org/species/230148367/260413995,fungi,agaricomycetes
fungi — agaricomycetes,,Russula emetica,Stable,Global,Least Concern,https://www.iucnredlist.org/species/260332962/260426845,fungi,agaricomycetes
fungi — agaricomycetes,,Russula fragilis,Stable,Global,Least Concern,https://www.iucnredlist.org/species/260381643/260381645,fungi,agaricomycetes
fungi — agaricomycetes,,Russula laccata,Stable,Global,Least Concern,https://www.iucnredlist.org/species/260399585/260399587,fungi,agaricomycetes
fungi — agaricomycetes,,Russula nana,Stable,Global,Least Concern,https://www.iucnredlist.org/species/260393676/260393678,fungi,agaricomycetes
fungi — agaricomycetes,,Russula risigallina,Stable,Global,Least Concern,https://www.iucnredlist.org/species/260333501/260408365,fungi,agaricomycetes
fungi — agaricomycetes,,Russula xerampelina,Stable,Global,Least Concern,https://www.iucnredlist.org/species/260332201/260412200,fungi,agaricomycetes
plantae — liliopsida,,Sagittaria cuneata,Unknown,Global,Least Concern,https://www.iucnredlist.org/species/64324210/67730757,plantae,liliopsida
plantae — liliopsida,,Sagittaria latifolia,Unknown,Global,Least Concern,https://www.iucnredlist.org/species/64324216/67730767,plantae,liliopsida
plantae — magnoliopsida,,Salicornia rubra,Unknown,Global,Least Concern,https://www.iucnredlist.org/species/64324246/67730777,plantae,magnoliopsida
plantae — magnoliopsida,Peach Leaf Willow,Salix amygdaloides,Stable,Global,Least Concern,https://www.iucnredlist.org/species/126588956/126591015,plantae,magnoliopsida
plantae — magnoliopsida,,Salix bebbiana,Unknown,Global,Least Concern,https://www.iucnredlist.org/species/64324259/67730787,plantae,magnoliopsida
plantae — magnoliopsida,Bonpland’s Willow,Salix bonplandiana,Stable,Global,Least Concern,https://www.iucnredlist.org/species/126589074/126591030,plantae,magnoliopsida
plantae — magnoliopsida,Grey willow,Salix cinerea,Stable,Global,Least Concern,https://www.iucnredlist.org/species/19620468/19621296,plantae,magnoliopsida
plantae — magnoliopsida,Narrow-leaf Willow,Salix exigua,Stable,Global,Least Concern,https://www.iucnredlist.org/species/126589236/174155123,plantae,magnoliopsida
plantae — magnoliopsida,Geyer Willow,Salix geyeriana,Stable,Global,Least Concern,https://www.iucnredlist.org/species/126589461/171684348,plantae,magnoliopsida
plantae — magnoliopsida,Grayleaf Willow,Salix glauca,Stable,Global,Least Concern,https://www.iucnredlist.org/species/79927480/126589484,plantae,magnoliopsida
plantae — magnoliopsida,Goodding's Willow,Salix gooddingii,Stable,Global,Least Concern,https://www.iucnredlist.org/species/126589665/126591060,plantae,magnoliopsida
plantae — magnoliopsida,Arroyo Willow,Salix lasiolepis,Stable,Global,Least Concern,https://www.iucnredlist.org/species/126589815/126591075,plantae,magnoliopsida
plantae — magnoliopsida,Strap-leaf Willow,Salix ligulifolia,Stable,Global,Least Concern,https://www.iucnredlist.org/species/126589853/171684577,plantae,magnoliopsida
plantae — magnoliopsida,Shining Willow,Salix lucida,Stable,Global,Least Concern,https://www.iucnredlist.org/species/126590173/126591085,plantae,magnoliopsida
plantae — magnoliopsida,,Salix lutea,Unknown,Global,Least Concern,https://www.iucnredlist.org/species/64324306/67730817,plantae,magnoliopsida
plantae — magnoliopsida,,Salix melanopsis,Unknown,Global,Least Concern,https://www.iucnredlist.org/species/64324312/67730822,plantae,magnoliopsida
plantae — magnoliopsida,,Salix monticola,Unknown,Global,Least Concern,https://www.iucnredlist.org/species/64324315/67730827,plantae,magnoliopsida
plantae — magnoliopsida,,Salix myrtillifolia,Unknown,Global,Least Concern,https://www.iucnredlist.org/species/64324330/222901915,plantae,magnoliopsida
plantae — magnoliopsida,Black Willow,Salix nigra,Unknown,Global,Least Concern,https://www.iucnredlist.org/species/61960325/61960328,plantae,magnoliopsida
plantae — magnoliopsida,,Salix planifolia,Unknown,Global,Least Concern,https://www.iucnredlist.org/species/64324339/67730847,plantae,magnoliopsida
plantae — magnoliopsida,,Salix prolixa,Unknown,Global,Least Concern,https://www.iucnredlist.org/species/64324343/67730852,plantae,magnoliopsida
plantae — magnoliopsida,Scouler’s Willow,Salix scouleriana,Stable,Global,Least Concern,https://www.iucnredlist.org/species/126590504/126591115,plantae,magnoliopsida
animalia — actinopterygii,Brown Trout,Salmo trutta,Stable,Global,Least Concern,https://www.iucnredlist.org/species/19861/58301467,animalia,actinopterygii
plantae — magnoliopsida,Brookweed,Samolus valerandi,Unknown,Global,Least Concern,https://www.iucnredlist.org/species/163967/13571192,plantae,magnoliopsida
plantae — magnoliopsida,,Sarcobatus vermiculatus,Unknown,Global,Least Concern,https://www.iucnredlist.org/species/64324390/67730872,plantae,magnoliopsida
plantae — magnoliopsida,,Sarcomphalus obtusifolius,Stable,Global,Least Concern,https://www.iucnredlist.org/species/162825894/201597698,plantae,magnoliopsida
plantae — liliopsida,Rocky mountain clubrush,Schoenoplectiella saximontana,Unknown,Global,Data Deficient,https://www.iucnredlist.org/species/64324795/67730892,plantae,liliopsida
plantae — liliopsida,Hardstem bulrush,Schoenoplectus acutus,Unknown,Global,Least Concern,https://www.iucnredlist.org/species/64324813/67730902,plantae,liliopsida
plantae — liliopsida,American bulrush,Schoenoplectus americanus,Unknown,Global,Least Concern,https://www.iucnredlist.org/species/64324817/67730907,plantae,liliopsida
plantae — liliopsida,Grey Club-rush,Schoenoplectus tabernaemontani,Stable,Global,Least Concern,https://www.iucnredlist.org/species/175246/1420606,plantae,liliopsida
plantae — liliopsida,,Scirpus microcarpus,Unknown,Global,Least Concern,https://www.iucnredlist.org/species/64324880/67730967,plantae,liliopsida
plantae — liliopsida,,Scirpus pallidus,Unknown,Global,Least Concern,https://www.iucnredlist.org/species/64324883/67730972,plantae,liliopsida
animalia — mammalia,Abert's Squirrel,Sciurus aberti,Stable,Global,Least Concern,https://www.iucnredlist.org/species/42461/22245623,animalia,mammalia
plantae — magnoliopsida,Pariette Cactus,Sclerocactus brevispinus,Decreasing,Global,Critically Endangered,https://www.iucnredlist.org/species/181378/1726149,plantae,magnoliopsida
plantae — magnoliopsida,Eight-spine Fishhook Cactus,Sclerocactus johnsonii,Unknown,Global,Least Concern,https://www.iucnredlist.org/species/152815/121611295,plantae,magnoliopsida
plantae — magnoliopsida,Small-flower Fishhook Cactus,Sclerocactus parviflorus,Stable,Global,Least Concern,https://www.iucnredlist.org/species/152298/121586749,plantae,magnoliopsida
plantae — magnoliopsida,Great Basin Fishhook Cactus,Sclerocactus pubispinus,Unknown,Global,Least Concern,https://www.iucnredlist.org/species/152099/121579218,plantae,magnoliopsida
plantae — magnoliopsida,Desert Valley Fishhook Cactus,Sclerocactus spinosior,Stable,Global,Least Concern,https://www.iucnredlist.org/species/152400/121591665,plantae,magnoliopsida
plantae — magnoliopsida,Uinta Basin Hookless Cactus,Sclerocactus wetlandicus,Stable,Global,Least Concern,https://www.iucnredlist.org/species/181377/121619481,plantae,magnoliopsida
plantae — magnoliopsida,Whipple's Fishhook Cactus,Sclerocactus whipplei,Stable,Global,Least Concern,https://www.iucnredlist.org/species/152090/121578914,plantae,magnoliopsida
plantae — magnoliopsida,Wrights Fishhook Cactus,Sclerocactus wrightiae,Unknown,Global,Near Threatened,https://www.iucnredlist.org/species/152640/121602438,plantae,magnoliopsida
plantae — magnoliopsida,,Senecio hydrophilus,Unknown,Global,Least Concern,https://www.iucnredlist.org/species/64324900/67730997,plantae,magnoliopsida
plantae — magnoliopsida,Roemer's Acacia,Senegalia roemeriana,Stable,Global,Least Concern,https://www.iucnredlist.org/species/154024394/154024509,plantae,magnoliopsida
plantae — magnoliopsida,,Sesbania drummondii,Stable,Global,Least Concern,https://www.iucnredlist.org/species/19891518/20142166,plantae,magnoliopsida
plantae — liliopsida,Marsh Brittlegrass,Setaria parviflora,Stable,Global,Least Concern,https://www.iucnredlist.org/species/18963261/44492598,plantae,liliopsida
plantae — magnoliopsida,,Sium suave,Unknown,Global,Least Concern,https://www.iucnredlist.org/species/64324910/67731002,plantae,magnoliopsida
plantae — magnoliopsida,,Solanum jamesii,Stable,Global,Least Concern,https://www.iucnredlist.org/species/101527571/101527574,plantae,magnoliopsida
animalia — insecta,Hudsonian Emerald,Somatochlora hudsonica,Stable,Global,Least Concern,https://www.iucnredlist.org/species/165088/65832182,animalia,insecta
animalia — insecta,Mountain Emerald,Somatochlora semicircularis,Stable,Global,Least Concern,https://www.iucnredlist.org/species/50978895/65836329,animalia,insecta
plantae — magnoliopsida,,Sophora gypsophila,Decreasing,Global,Near Threatened,https://www.iucnredlist.org/species/19892156/20142981,plantae,magnoliopsida
plantae — magnoliopsida,,Sophora nuttalliana,Stable,Global,Least Concern,https://www.iucnredlist.org/species/19893077/20143567,plantae,magnoliopsida
animalia — mammalia,,Sorex merriami,Unknown,Global,Least Concern,https://www.iucnredlist.org/species/41403/115184201,animalia,mammalia
animalia — mammalia,Dusky Shrew,Sorex monticola,Stable,Global,Least Concern,https://www.iucnredlist.org/species/41405/194054902,animalia,mammalia
animalia — mammalia,,Sorex nanus,Unknown,Global,Least Concern,https://www.iucnredlist.org/species/41406/115184594,animalia,mammalia
animalia — mammalia,,Sorex vagrans,Stable,Global,Least Concern,https://www.iucnredlist.org/species/41425/115186125,animalia,mammalia
plantae — liliopsida,Floating Bur-reed,Sparganium angustifolium,Stable,Global,Least Concern,https://www.iucnredlist.org/species/167925/42412037,plantae,liliopsida
plantae — liliopsida,Unbranched Bur-reed,Sparganium emersum,Stable,Global,Least Concern,https://www.iucnredlist.org/species/167926/6417775,plantae,liliopsida
plantae — liliopsida,Least Bur-reed,Sparganium natans,Decreasing,Global,Least Concern,https://www.iucnredlist.org/species/164166/42414281,plantae,liliopsida
plantae — liliopsida,,Spartina gracilis,Unknown,Global,Least Concern,https://www.iucnredlist.org/species/64325157/67731057,plantae,liliopsida
animalia — amphibia,Plains Spadefoot,Spea bombifrons,Stable,Global,Least Concern,https://www.iucnredlist.org/species/59044/196337150,animalia,amphibia
animalia — amphibia,Great Basin Spadefoot,Spea intermontana,Stable,Global,Least Concern,https://www.iucnredlist.org/species/59046/196337412,animalia,amphibia
animalia — amphibia,Mexican Spadefoot,Spea multiplicata,Stable,Global,Least Concern,https://www.iucnredlist.org/species/59047/53972984,animalia,amphibia
animalia — bivalvia,Lake Orb Mussel,Sphaerium lacustre,Unknown,Global,Least Concern,https://www.iucnredlist.org/species/155915/69490644,animalia,bivalvia
animalia — bivalvia,Arctic Orb Mussel,Sphaerium nitidum,Unknown,Global,Least Concern,https://www.iucnredlist.org/species/155761/69492041,animalia,bivalvia
animalia — bivalvia,,Sphaerium occidentale,Stable,Global,Least Concern,https://www.iucnredlist.org/species/66639399/66639560,animalia,bivalvia
animalia — bivalvia,,Sphaerium striatinum,Stable,Global,Least Concern,https://www.iucnredlist.org/species/66639426/66639580,animalia,bivalvia
plantae — magnoliopsida,,Sphaerophysa salsula,Stable,Global,Least Concern,https://www.iucnredlist.org/species/19891638/20145738,plantae,magnoliopsida
plantae — liliopsida,Ute Lady’s Tresses,Spiranthes diluvialis,Unknown,Global,Least Concern,https://www.iucnredlist.org/species/64176965/64176968,plantae,liliopsida
plantae — liliopsida,Irish Lady's-tresses,Spiranthes romanzoffiana,Unknown,Global,Least Concern,https://www.iucnredlist.org/species/175925/78457192,plantae,liliopsida
animalia — gastropoda,Fat-whorled Pondsnail,Stagnicola bonnevillensis,Decreasing,Global,Critically Endangered,https://www.iucnredlist.org/species/20707/2773186,animalia,gastropoda
animalia — gastropoda,Wrinkled Marshsnail,Stagnicola caperata,Stable,Global,Least Concern,https://www.iucnredlist.org/species/69622894/69633038,animalia,gastropoda
animalia — gastropoda,Mountain Marshsnail,Stagnicola montanensis,Unknown,Global,Least Concern,https://www.iucnredlist.org/species/189653/8759952,animalia,gastropoda
animalia — gastropoda,Fish Springs Marshsnail,Stagnicola pilsbryi,,Global,Extinct,https://www.iucnredlist.org/species/177724/1496235,animalia,gastropoda
animalia — gastropoda,Widelip Pondsnail,Stagnicola traski,Unknown,Global,Least Concern,https://www.iucnredlist.org/species/189673/8761704,animalia,gastropoda
animalia — gastropoda,Thickshell Pondsnail,Stagnicola utahensis,,Global,Critically Endangered,https://www.iucnredlist.org/species/20706/2773078,animalia,gastropoda
plantae — liliopsida,Scribner Needlegrass,Stipa scribneri,Stable,Global,Least Concern,https://www.iucnredlist.org/species/44392747/44428513,plantae,liliopsida
animalia — insecta,Brimstone Clubtail,Stylurus intricatus,Stable,Global,Least Concern,https://www.iucnredlist.org/species/51272433/65836484,animalia,insecta
animalia — insecta,Olive Clubtail,Stylurus olivaceus,Stable,Global,Least Concern,https://www.iucnredlist.org/species/51272610/65836499,animalia,insecta
animalia — mammalia,Desert Cottontail,Sylvilagus audubonii,Decreasing,Global,Least Concern,https://www.iucnredlist.org/species/41297/45190821,animalia,mammalia
animalia — mammalia,Mountain Cottontail,Sylvilagus nuttallii,Decreasing,Global,Least Concern,https://www.iucnredlist.org/species/41300/45192243,animalia,mammalia
animalia — insecta,Variegated Meadowhawk,Sympetrum corruptum,Stable,Global,Least Concern,https://www.iucnredlist.org/species/51290637/65836594,animalia,insecta
animalia — insecta,Saffron-winged Meadowhawk,Sympetrum costiferum,Stable,Global,Least Concern,https://www.iucnredlist.org/species/51291504/65836599,animalia,insecta
animalia — insecta,Black Darter,Sympetrum danae,Stable,Global,Least Concern,https://www.iucnredlist.org/species/165473/65834539,animalia,insecta
animalia — insecta,Cherry-faced Meadowhawk,Sympetrum internum,Stable,Global,Least Concern,https://www.iucnredlist.org/species/164978/65822899,animalia,insecta
animalia — insecta,Red-veined Meadowhawk,Sympetrum madidum,Stable,Global,Least Concern,https://www.iucnredlist.org/species/164930/65820320,animalia,insecta
animalia — insecta,White-faced Meadowhawk,Sympetrum obtrusum,Stable,Global,Least Concern,https://www.iucnredlist.org/species/51291811/65836604,animalia,insecta
animalia — insecta,Striped Meadowhawk,Sympetrum pallipes,Stable,Global,Least Concern,https://www.iucnredlist.org/species/51291855/65836609,animalia,insecta
animalia — insecta,Band-winged Meadowhawk,Sympetrum semicinctum,Stable,Global,Least Concern,https://www.iucnredlist.org/species/51292224/65836619,animalia,insecta
plantae — magnoliopsida,,Symphyotrichum ciliatum,Unknown,Global,Least Concern,https://www.iucnredlist.org/species/64325267/67731082,plantae,magnoliopsida
plantae — magnoliopsida,,Symphyotrichum lanceolatum,Unknown,Global,Least Concern,https://www.iucnredlist.org/species/64325281/67731087,plantae,magnoliopsida
plantae — magnoliopsida,,Syrmatium tomentosum,Stable,Global,Least Concern,https://www.iucnredlist.org/species/19893048/20148914,plantae,magnoliopsida
animalia — mammalia,Red Squirrel,Tamiasciurus hudsonicus,Stable,Global,Least Concern,https://www.iucnredlist.org/species/42587/115192299,animalia,mammalia
animalia — insecta,Desert Firetail,Telebasis salva,Stable,Global,Least Concern,https://www.iucnredlist.org/species/49254446/49255489,animalia,insecta
plantae — magnoliopsida,,Tephrosia angustissima,Decreasing,Global,Endangered,https://www.iucnredlist.org/species/19892512/20149830,plantae,magnoliopsida
plantae — magnoliopsida,,Tephrosia onobrychoides,Stable,Global,Least Concern,https://www.iucnredlist.org/species/19892588/20151788,plantae,magnoliopsida
plantae — magnoliopsida,,Thermopsis montana,Stable,Global,Least Concern,https://www.iucnredlist.org/species/19892015/20153824,plantae,magnoliopsida
animalia — mammalia,,Thomomys bottae,Stable,Global,Least Concern,https://www.iucnredlist.org/species/21799/115163311,animalia,mammalia
animalia — mammalia,,Thomomys idahoensis,Unknown,Global,Least Concern,https://www.iucnredlist.org/species/21809/22215570,animalia,mammalia
animalia — mammalia,,Thomomys talpoides,Stable,Global,Least Concern,https://www.iucnredlist.org/species/42597/115193142,animalia,mammalia
plantae — liliopsida,,Torreyochloa pallida,Unknown,Global,Least Concern,https://www.iucnredlist.org/species/64325345/67731107,plantae,liliopsida
plantae — liliopsida,,Tradescantia occidentalis,Unknown,Global,Least Concern,https://www.iucnredlist.org/species/64325500/67731117,plantae,liliopsida
animalia — insecta,Black Saddlebags,Tramea lacerata,Stable,Global,Least Concern,https://www.iucnredlist.org/species/51292820/65836629,animalia,insecta
animalia — insecta,Red Saddlebags,Tramea onusta,Stable,Global,Least Concern,https://www.iucnredlist.org/species/164982/65823526,animalia,insecta
plantae — liliopsida,,Trichophorum caespitosum,Unknown,Global,Least Concern,https://www.iucnredlist.org/species/64326156/67731137,plantae,liliopsida
plantae — magnoliopsida,,Trifolium bejariense,Stable,Global,Least Concern,https://www.iucnredlist.org/species/19893086/20154500,plantae,magnoliopsida
plantae — magnoliopsida,,Trifolium ciliolatum,Stable,Global,Least Concern,https://www.iucnredlist.org/species/19891961/20155071,plantae,magnoliopsida
plantae — magnoliopsida,,Trifolium gymnocarpon,Stable,Global,Least Concern,https://www.iucnredlist.org/species/19891874/20155567,plantae,magnoliopsida
plantae — magnoliopsida,,Trifolium parryi,Stable,Global,Least Concern,https://www.iucnredlist.org/species/19892929/20156004,plantae,magnoliopsida
plantae — magnoliopsida,Red Clover,Trifolium pratense,Stable,Global,Least Concern,https://www.iucnredlist.org/species/174713/20156449,plantae,magnoliopsida
animalia — reptilia,Sonoran Lyre Snake,Trimorphodon lambda,Stable,Global,Least Concern,https://www.iucnredlist.org/species/203333/2764112,animalia,reptilia
plantae — liliopsida,Ravenna Grass,Tripidium ravennae,Stable,Global,Least Concern,https://www.iucnredlist.org/species/175232/148815157,plantae,liliopsida
plantae — magnoliopsida,,Trollius laxus,Unknown,Global,Least Concern,https://www.iucnredlist.org/species/64326174/67731157,plantae,magnoliopsida
animalia — gastropoda,,Tryonia porrecta,Stable,Global,Least Concern,https://www.iucnredlist.org/species/189117/8686003,animalia,gastropoda
plantae — liliopsida,Southern Cat-tail,Typha domingensis,Stable,Global,Least Concern,https://www.iucnredlist.org/species/164208/120229199,plantae,liliopsida
fungi — lecanoromycetes,,Umbilicaria phaea,Stable,Global,Least Concern,https://www.iucnredlist.org/species/80703140/109425801,fungi,lecanoromycetes
animalia — mammalia,,Urocitellus armatus,Unknown,Global,Least Concern,https://www.iucnredlist.org/species/42463/22264746,animalia,mammalia
animalia — mammalia,Belding's Ground Squirrel,Urocitellus beldingi,Stable,Global,Least Concern,https://www.iucnredlist.org/species/42464/22264836,animalia,mammalia
animalia — mammalia,,Urocitellus elegans,Unknown,Global,Least Concern,https://www.iucnredlist.org/species/42467/22265347,animalia,mammalia
animalia — mammalia,Piute Ground Squirrel,Urocitellus mollis,Stable,Global,Least Concern,https://www.iucnredlist.org/species/116989381/116989399,animalia,mammalia
animalia — reptilia,,Urosaurus ornatus,Stable,Global,Least Concern,https://www.iucnredlist.org/species/64174/210797959,animalia,reptilia
plantae — magnoliopsida,,Utricularia intermedia,Unknown,Global,Least Concern,https://www.iucnredlist.org/species/167883/19635751,plantae,magnoliopsida
animalia — gastropoda,Glossy Valvata,Valvata humeralis,Unknown,Global,Least Concern,https://www.iucnredlist.org/species/189646/8759367,animalia,gastropoda
animalia — insecta,West Coast Lady,Vanessa annabella,Unknown,Global,Least Concern,https://www.iucnredlist.org/species/173004562/173004577,animalia,insecta
animalia — insecta,American Painted Lady,Vanessa virginiensis,Unknown,Global,Least Concern,https://www.iucnredlist.org/species/161254/882795,animalia,insecta
plantae — magnoliopsida,,Vauquelinia californica,Stable,Global,Least Concern,https://www.iucnredlist.org/species/126610981/126613176,plantae,magnoliopsida
plantae — liliopsida,,Ventenata dubia,Stable,Global,Least Concern,https://www.iucnredlist.org/species/44392189/44414263,plantae,liliopsida
plantae — magnoliopsida,Pink Water-speedwell,Veronica catenata,Stable,Global,Least Concern,https://www.iucnredlist.org/species/164419/42409596,plantae,magnoliopsida
plantae — magnoliopsida,,Vicia leucophaea,Stable,Global,Least Concern,https://www.iucnredlist.org/species/19892489/20161035,plantae,magnoliopsida
plantae — magnoliopsida,Pygmy-flower Vetch,Vicia minutiflora,Stable,Global,Least Concern,https://www.iucnredlist.org/species/19892655/20161467,plantae,magnoliopsida
plantae — magnoliopsida,Ocala Vetch,Vicia ocalensis,Stable,Global,Near Threatened,https://www.iucnredlist.org/species/19892285/20162000,plantae,magnoliopsida
plantae — magnoliopsida,,Viola macloskeyi,Unknown,Global,Least Concern,https://www.iucnredlist.org/species/64326274/67731227,plantae,magnoliopsida
plantae — magnoliopsida,,Viola nephrophylla,Unknown,Global,Least Concern,https://www.iucnredlist.org/species/64326277/67731232,plantae,magnoliopsida
animalia — mammalia,Kit Fox,Vulpes macrotis,Decreasing,Global,Least Concern,https://www.iucnredlist.org/species/41587/62259374,animalia,mammalia
plantae — liliopsida,,Vulpia octoflora,Stable,Global,Least Concern,https://www.iucnredlist.org/species/44393631/44493019,plantae,liliopsida
plantae — liliopsida,,Wolffia borealis,Unknown,Global,Least Concern,https://www.iucnredlist.org/species/64326301/67731252,plantae,liliopsida
plantae — liliopsida,,Wolffia columbiana,Unknown,Global,Least Concern,https://www.iucnredlist.org/species/64326308/67731262,plantae,liliopsida
animalia — mammalia,Spotted Ground Squirrel,Xerospermophilus spilosoma,Stable,Global,Least Concern,https://www.iucnredlist.org/species/42563/22262899,animalia,mammalia
plantae — liliopsida,Narrowleaf Yucca,Yucca angustissima,Stable,Global,Least Concern,https://www.iucnredlist.org/species/117422964/117469932,plantae,liliopsida
plantae — liliopsida,Banana Yucca,Yucca baccata,Stable,Global,Least Concern,https://www.iucnredlist.org/species/117423066/117469947,plantae,liliopsida
plantae — liliopsida,Bailey's Yucca,Yucca baileyi,Stable,Global,Least Concern,https://www.iucnredlist.org/species/117423069/117469952,plantae,liliopsida
plantae — liliopsida,Soapweed,Yucca elata,Decreasing,Global,Least Concern,https://www.iucnredlist.org/species/117423218/117470022,plantae,liliopsida
plantae — liliopsida,Great Plains Yucca,Yucca glauca,Stable,Global,Least Concern,https://www.iucnredlist.org/species/117427973/214330850,plantae,liliopsida
plantae — liliopsida,Harriman's Yucca,Yucca harrimaniae,Unknown,Global,Least Concern,https://www.iucnredlist.org/species/117428002/182251312,plantae,liliopsida
plantae — liliopsida,Eastern Joshua Tree,Yucca jaegeriana,Decreasing,Global,Least Concern,https://www.iucnredlist.org/species/162386466/162386497,plantae,liliopsida
plantae — liliopsida,Kanab Yucca,Yucca kanabensis,Unknown,Global,Endangered,https://www.iucnredlist.org/species/124572317/124572326,plantae,liliopsida
plantae — liliopsida,,Yucca nana,Stable,Global,Data Deficient,https://www.iucnredlist.org/species/124572344/124572347,plantae,liliopsida
plantae — liliopsida,Mojave Yucca,Yucca schidigera,Decreasing,Global,Least Concern,https://www.iucnredlist.org/species/117428515/117470192,plantae,liliopsida
plantae — liliopsida,,Yucca toftiae,Decreasing,Global,Vulnerable,https://www.iucnredlist.org/species/172050021/172050040,plantae,liliopsida
plantae — liliopsida,,Yucca utahensis,Decreasing,Global,Least Concern,https://www.iucnredlist.org/species/117428761/182251630,plantae,liliopsida
plantae — magnoliopsida,,Zapoteca formosa,Stable,Global,Least Concern,https://www.iucnredlist.org/species/19891812/20164421,plantae,magnoliopsida
animalia — mammalia,,Zapus princeps,Stable,Global,Least Concern,https://www.iucnredlist.org/species/42614/115195084,animalia,mammalia
animalia — insecta,Southern Dogface,Zerene cesonia,Unknown,Global,Least Concern,https://www.iucnredlist.org/species/173004869/173004894,animalia,insecta
